case:concept:name,case_name_first,case_name_unique_count,event_count,case_id_equals_case_name
2000000000_00001,vendor_0000,1,12,False
2000000001_00001,vendor_0001,1,15,False
2000000002_00001,vendor_0002,1,18,False
2000000003_00001,vendor_0003,1,12,False
2000000003_00002,vendor_0003,1,12,False
2000000003_00003,vendor_0003,1,12,False
2000000004_00001,vendor_0000,1,12,False
2000000005_00001,vendor_0004,1,16,False
2000000005_00002,vendor_0004,1,8,False
2000000006_00001,vendor_0005,1,15,False
2000000007_00001,vendor_0006,1,13,False
2000000008_00001,vendor_0007,1,13,False
2000000009_00001,vendor_0008,1,13,False
2000000010_00001,vendor_0009,1,38,False
2000000011_00001,vendor_0010,1,15,False
2000000012_00001,vendor_0011,1,12,False
2000000013_00001,vendor_0012,1,13,False
2000000014_00001,vendor_0013,1,35,False
2000000015_00001,vendor_0014,1,103,False
2000000016_00001,vendor_0015,1,250,False
2000000017_00001,vendor_0016,1,120,False
2000000018_00001,vendor_0017,1,180,False
2000000019_00001,vendor_0016,1,105,False
2000000020_00001,vendor_0018,1,81,False
2000000021_00001,vendor_0019,1,61,False
2000000022_00001,vendor_0020,1,131,False
2000000023_00001,vendor_0021,1,14,False
2000000024_00001,vendor_0022,1,42,False
2000000025_00001,vendor_0023,1,13,False
2000000026_00001,vendor_0024,1,12,False
2000000026_00002,vendor_0024,1,12,False
2000000027_00001,vendor_0025,1,36,False
2000000028_00001,vendor_0025,1,44,False
2000000029_00001,vendor_0003,1,12,False
2000000029_00002,vendor_0003,1,12,False
2000000029_00003,vendor_0003,1,12,False
2000000030_00001,vendor_0012,1,18,False
2000000031_00001,vendor_0011,1,12,False
2000000032_00001,vendor_0003,1,12,False
2000000033_00001,vendor_0006,1,13,False
2000000034_00001,vendor_0019,1,63,False
2000000035_00001,vendor_0021,1,15,False
2000000036_00001,vendor_0026,1,15,False
2000000037_00001,vendor_0027,1,12,False
2000000037_00002,vendor_0027,1,12,False
2000000037_00003,vendor_0027,1,12,False
2000000038_00001,vendor_0028,1,12,False
2000000039_00001,vendor_0029,1,12,False
2000000039_00002,vendor_0029,1,12,False
2000000040_00001,vendor_0030,1,32,False
2000000041_00001,vendor_0031,1,13,False
2000000042_00001,vendor_0031,1,13,False
2000000043_00001,vendor_0024,1,8,False
2000000044_00001,vendor_0032,1,12,False
2000000045_00001,vendor_0003,1,12,False
2000000045_00002,vendor_0003,1,12,False
2000000046_00001,vendor_0033,1,13,False
2000000047_00001,vendor_0034,1,278,False
2000000048_00001,vendor_0035,1,13,False
2000000049_00001,vendor_0036,1,12,False
2000000050_00001,vendor_0037,1,12,False
2000000051_00001,vendor_0029,1,12,False
2000000052_00001,vendor_0038,1,11,False
2000000053_00001,vendor_0039,1,18,False
2000000054_00001,vendor_0027,1,13,False
2000000054_00002,vendor_0027,1,12,False
2000000054_00003,vendor_0027,1,13,False
2000000054_00004,vendor_0027,1,13,False
2000000055_00001,vendor_0040,1,69,False
2000000056_00001,vendor_0040,1,62,False
2000000057_00001,vendor_0040,1,76,False
2000000058_00001,vendor_0040,1,85,False
2000000059_00001,vendor_0040,1,77,False
2000000060_00001,vendor_0040,1,85,False
2000000061_00001,vendor_0040,1,77,False
2000000062_00001,vendor_0040,1,9,False
2000000063_00001,vendor_0040,1,9,False
2000000064_00001,vendor_0040,1,79,False
2000000065_00001,vendor_0040,1,77,False
2000000066_00001,vendor_0040,1,77,False
2000000067_00001,vendor_0040,1,69,False
2000000068_00001,vendor_0040,1,85,False
2000000069_00001,vendor_0040,1,96,False
2000000070_00001,vendor_0040,1,67,False
2000000071_00001,vendor_0040,1,57,False
2000000072_00001,vendor_0040,1,77,False
2000000073_00001,vendor_0000,1,12,False
2000000074_00001,vendor_0029,1,12,False
2000000075_00001,vendor_0028,1,12,False
2000000076_00001,vendor_0041,1,12,False
2000000076_00002,vendor_0041,1,12,False
2000000076_00003,vendor_0041,1,8,False
2000000077_00001,vendor_0042,1,12,False
2000000077_00002,vendor_0042,1,8,False
2000000078_00001,vendor_0043,1,19,False
2000000079_00001,vendor_0027,1,12,False
2000000079_00002,vendor_0027,1,12,False
2000000079_00003,vendor_0027,1,12,False
2000000080_00001,vendor_0035,1,12,False
2000000080_00002,vendor_0035,1,8,False
2000000081_00001,vendor_0044,1,29,False
2000000082_00001,vendor_0045,1,12,False
2000000082_00002,vendor_0045,1,12,False
2000000083_00001,vendor_0000,1,12,False
2000000083_00002,vendor_0000,1,12,False
2000000083_00003,vendor_0000,1,12,False
2000000084_00001,vendor_0046,1,12,False
2000000085_00001,vendor_0027,1,12,False
2000000086_00001,vendor_0003,1,12,False
2000000086_00002,vendor_0003,1,12,False
2000000087_00001,vendor_0021,1,13,False
2000000088_00001,vendor_0043,1,20,False
2000000089_00001,vendor_0047,1,13,False
2000000090_00001,vendor_0048,1,12,False
2000000091_00001,vendor_0049,1,13,False
2000000092_00001,vendor_0050,1,10,False
2000000093_00001,vendor_0051,1,13,False
2000000094_00001,vendor_0027,1,12,False
2000000095_00001,vendor_0000,1,12,False
2000000096_00001,vendor_0027,1,13,False
2000000097_00001,vendor_0052,1,23,False
2000000098_00001,vendor_0048,1,12,False
2000000098_00002,vendor_0048,1,12,False
2000000098_00003,vendor_0048,1,12,False
2000000099_00001,vendor_0003,1,12,False
2000000100_00001,vendor_0053,1,464,False
2000000101_00001,vendor_0054,1,25,False
2000000102_00001,vendor_0019,1,64,False
2000000103_00001,vendor_0028,1,12,False
2000000104_00001,vendor_0029,1,12,False
2000000105_00001,vendor_0055,1,8,False
2000000106_00001,vendor_0056,1,20,False
2000000107_00001,vendor_0057,1,15,False
2000000108_00001,vendor_0058,1,15,False
2000000109_00001,vendor_0059,1,13,False
2000000110_00001,vendor_0060,1,12,False
2000000111_00001,vendor_0061,1,15,False
2000000112_00001,vendor_0029,1,12,False
2000000113_00001,vendor_0062,1,12,False
2000000114_00001,vendor_0063,1,48,False
2000000115_00001,vendor_0009,1,46,False
2000000116_00001,vendor_0064,1,18,False
2000000117_00001,vendor_0003,1,12,False
2000000117_00002,vendor_0003,1,12,False
2000000117_00003,vendor_0003,1,12,False
2000000117_00004,vendor_0003,1,12,False
2000000117_00005,vendor_0003,1,12,False
2000000117_00006,vendor_0003,1,12,False
2000000118_00001,vendor_0000,1,10,False
2000000119_00001,vendor_0065,1,8,False
2000000120_00001,vendor_0066,1,18,False
2000000121_00001,vendor_0003,1,12,False
2000000121_00002,vendor_0003,1,12,False
2000000121_00003,vendor_0003,1,12,False
2000000121_00004,vendor_0003,1,12,False
2000000121_00005,vendor_0003,1,12,False
2000000121_00006,vendor_0003,1,12,False
2000000121_00007,vendor_0003,1,12,False
2000000121_00008,vendor_0003,1,12,False
2000000121_00009,vendor_0003,1,12,False
2000000121_00010,vendor_0003,1,12,False
2000000121_00011,vendor_0003,1,12,False
2000000122_00001,vendor_0019,1,31,False
2000000123_00001,vendor_0027,1,12,False
2000000123_00002,vendor_0027,1,12,False
2000000123_00003,vendor_0027,1,12,False
2000000123_00004,vendor_0027,1,12,False
2000000123_00005,vendor_0027,1,12,False
2000000124_00001,vendor_0029,1,12,False
2000000124_00002,vendor_0029,1,12,False
2000000125_00001,vendor_0000,1,10,False
2000000125_00002,vendor_0000,1,10,False
2000000126_00001,vendor_0048,1,12,False
2000000126_00002,vendor_0048,1,12,False
2000000126_00003,vendor_0048,1,12,False
2000000127_00001,vendor_0028,1,12,False
2000000128_00001,vendor_0067,1,21,False
2000000129_00001,vendor_0007,1,13,False
2000000130_00001,vendor_0027,1,12,False
2000000130_00002,vendor_0027,1,12,False
2000000131_00001,vendor_0068,1,17,False
2000000131_00002,vendor_0068,1,16,False
2000000132_00001,vendor_0012,1,13,False
2000000133_00001,vendor_0011,1,12,False
2000000134_00001,vendor_0064,1,12,False
2000000135_00001,vendor_0069,1,12,False
2000000135_00002,vendor_0069,1,12,False
2000000136_00001,vendor_0070,1,9,False
2000000137_00001,vendor_0029,1,12,False
2000000138_00001,vendor_0071,1,12,False
2000000139_00001,vendor_0072,1,12,False
2000000140_00001,vendor_0048,1,12,False
2000000141_00001,vendor_0028,1,12,False
2000000141_00002,vendor_0028,1,12,False
2000000141_00003,vendor_0028,1,12,False
2000000142_00001,vendor_0000,1,10,False
2000000142_00002,vendor_0000,1,10,False
2000000142_00003,vendor_0000,1,10,False
2000000143_00001,vendor_0073,1,13,False
2000000144_00001,vendor_0027,1,13,False
2000000144_00002,vendor_0027,1,12,False
2000000145_00001,vendor_0027,1,13,False
2000000146_00001,vendor_0074,1,29,False
2000000147_00001,vendor_0075,1,13,False
2000000148_00001,vendor_0028,1,12,False
2000000149_00001,vendor_0029,1,12,False
2000000150_00001,vendor_0003,1,12,False
2000000150_00002,vendor_0003,1,12,False
2000000150_00003,vendor_0003,1,12,False
2000000150_00004,vendor_0003,1,12,False
2000000150_00005,vendor_0003,1,12,False
2000000150_00006,vendor_0003,1,12,False
2000000150_00007,vendor_0003,1,12,False
2000000150_00008,vendor_0003,1,12,False
2000000150_00009,vendor_0003,1,12,False
2000000151_00001,vendor_0076,1,12,False
2000000152_00001,vendor_0077,1,12,False
2000000152_00002,vendor_0077,1,12,False
2000000152_00003,vendor_0077,1,12,False
2000000152_00004,vendor_0077,1,12,False
2000000153_00001,vendor_0000,1,10,False
2000000153_00002,vendor_0000,1,10,False
2000000153_00003,vendor_0000,1,10,False
2000000153_00004,vendor_0000,1,10,False
2000000153_00005,vendor_0000,1,10,False
2000000153_00006,vendor_0000,1,10,False
2000000153_00007,vendor_0000,1,10,False
2000000153_00008,vendor_0000,1,10,False
2000000153_00009,vendor_0000,1,10,False
2000000153_00010,vendor_0000,1,10,False
2000000154_00001,vendor_0078,1,13,False
2000000155_00001,vendor_0079,1,12,False
2000000156_00001,vendor_0080,1,13,False
2000000157_00001,vendor_0081,1,26,False
2000000157_00002,vendor_0081,1,26,False
2000000157_00003,vendor_0081,1,26,False
2000000157_00004,vendor_0081,1,22,False
2000000158_00001,vendor_0082,1,15,False
2000000159_00001,vendor_0083,1,12,False
2000000160_00001,vendor_0003,1,12,False
2000000160_00002,vendor_0003,1,12,False
2000000161_00001,vendor_0084,1,39,False
2000000162_00001,vendor_0003,1,12,False
2000000162_00002,vendor_0003,1,12,False
2000000163_00001,vendor_0085,1,13,False
2000000164_00001,vendor_0086,1,12,False
2000000165_00001,vendor_0048,1,12,False
2000000166_00001,vendor_0048,1,12,False
2000000167_00001,vendor_0029,1,12,False
2000000167_00002,vendor_0029,1,12,False
2000000167_00003,vendor_0029,1,12,False
2000000168_00001,vendor_0000,1,12,False
2000000168_00002,vendor_0000,1,12,False
2000000169_00001,vendor_0003,1,12,False
2000000169_00002,vendor_0003,1,12,False
2000000169_00003,vendor_0003,1,12,False
2000000170_00001,vendor_0087,1,13,False
2000000171_00001,vendor_0021,1,14,False
2000000172_00001,vendor_0072,1,16,False
2000000172_00002,vendor_0072,1,16,False
2000000173_00001,vendor_0003,1,12,False
2000000173_00002,vendor_0003,1,12,False
2000000173_00003,vendor_0003,1,12,False
2000000173_00004,vendor_0003,1,12,False
2000000174_00001,vendor_0011,1,16,False
2000000174_00002,vendor_0011,1,16,False
2000000174_00003,vendor_0011,1,20,False
2000000174_00004,vendor_0011,1,20,False
2000000174_00005,vendor_0011,1,20,False
2000000174_00006,vendor_0011,1,20,False
2000000175_00001,vendor_0000,1,12,False
2000000175_00002,vendor_0000,1,12,False
2000000176_00001,vendor_0080,1,13,False
2000000177_00001,vendor_0088,1,14,False
2000000177_00002,vendor_0088,1,15,False
2000000178_00001,vendor_0027,1,17,False
2000000178_00002,vendor_0027,1,15,False
2000000178_00003,vendor_0027,1,22,False
2000000179_00001,vendor_0029,1,12,False
2000000180_00001,vendor_0000,1,12,False
2000000180_00002,vendor_0000,1,12,False
2000000180_00003,vendor_0000,1,12,False
2000000181_00001,vendor_0028,1,12,False
2000000182_00001,vendor_0089,1,13,False
2000000183_00001,vendor_0090,1,9,False
2000000184_00001,vendor_0011,1,15,False
2000000185_00001,vendor_0000,1,16,False
2000000186_00001,vendor_0017,1,57,False
2000000187_00001,vendor_0088,1,15,False
2000000188_00001,vendor_0026,1,15,False
2000000189_00001,vendor_0027,1,12,False
2000000190_00001,vendor_0028,1,12,False
2000000191_00001,vendor_0058,1,15,False
2000000192_00001,vendor_0091,1,11,False
2000000193_00001,vendor_0052,1,23,False
2000000194_00001,vendor_0011,1,12,False
2000000195_00001,vendor_0092,1,12,False
2000000196_00001,vendor_0064,1,12,False
2000000197_00001,vendor_0029,1,12,False
2000000197_00002,vendor_0029,1,12,False
2000000198_00001,vendor_0091,1,24,False
2000000199_00001,vendor_0093,1,18,False
2000000200_00001,vendor_0058,1,15,False
2000000201_00001,vendor_0003,1,12,False
2000000202_00001,vendor_0003,1,12,False
2000000202_00002,vendor_0003,1,12,False
2000000202_00003,vendor_0003,1,12,False
2000000202_00004,vendor_0003,1,12,False
2000000203_00001,vendor_0000,1,12,False
2000000204_00001,vendor_0094,1,14,False
2000000205_00001,vendor_0083,1,12,False
2000000206_00001,vendor_0095,1,55,False
2000000207_00001,vendor_0027,1,12,False
2000000208_00001,vendor_0096,1,12,False
2000000209_00001,vendor_0000,1,12,False
2000000210_00001,vendor_0048,1,12,False
2000000211_00001,vendor_0003,1,12,False
2000000211_00002,vendor_0003,1,12,False
2000000211_00003,vendor_0003,1,12,False
2000000211_00004,vendor_0003,1,12,False
2000000211_00005,vendor_0003,1,12,False
2000000211_00006,vendor_0003,1,12,False
2000000211_00007,vendor_0003,1,12,False
2000000211_00008,vendor_0003,1,12,False
2000000212_00001,vendor_0097,1,13,False
2000000213_00001,vendor_0052,1,18,False
2000000214_00001,vendor_0098,1,13,False
2000000215_00001,vendor_0099,1,13,False
2000000216_00001,vendor_0021,1,13,False
2000000217_00001,vendor_0100,1,18,False
2000000218_00001,vendor_0101,1,15,False
2000000219_00001,vendor_0007,1,13,False
2000000220_00001,vendor_0102,1,25,False
2000013410_00001,vendor_1158,1,13,False
2000013411_00001,vendor_1159,1,12,False
2000013412_00001,vendor_0011,1,8,False
2000013413_00001,vendor_0027,1,12,False
2000013413_00002,vendor_0027,1,12,False
2000013413_00003,vendor_0027,1,12,False
2000013414_00001,vendor_0028,1,12,False
2000013415_00001,vendor_0003,1,12,False
2000013416_00001,vendor_1160,1,13,False
2000013416_00002,vendor_1160,1,13,False
2000013416_00003,vendor_1160,1,11,False
2000013417_00001,vendor_0004,1,13,False
2000013417_00002,vendor_0004,1,10,False
2000013418_00001,vendor_0029,1,12,False
2000013418_00002,vendor_0029,1,12,False
2000013419_00001,vendor_0058,1,13,False
2000013420_00001,vendor_0000,1,12,False
2000013421_00001,vendor_0048,1,12,False
2000013422_00001,vendor_0048,1,12,False
2000013422_00002,vendor_0048,1,12,False
2000013423_00001,vendor_1161,1,29,False
2000013424_00001,vendor_1162,1,13,False
2000013425_00001,vendor_0003,1,12,False
2000013425_00002,vendor_0003,1,12,False
2000013425_00003,vendor_0003,1,12,False
2000013426_00001,vendor_0000,1,12,False
2000013426_00002,vendor_0000,1,12,False
2000013427_00001,vendor_0029,1,12,False
2000013427_00002,vendor_0029,1,12,False
2000013428_00001,vendor_0037,1,12,False
2000013429_00001,vendor_1163,1,12,False
2000013430_00001,vendor_0043,1,14,False
2000013431_00001,vendor_0058,1,15,False
2000013432_00001,vendor_0043,1,23,False
2000013433_00001,vendor_1164,1,22,False
2000013434_00001,vendor_1164,1,14,False
2000013435_00001,vendor_0027,1,12,False
2000013435_00002,vendor_0027,1,12,False
2000013436_00001,vendor_0043,1,14,False
2000013437_00001,vendor_0072,1,13,False
2000013438_00001,vendor_0048,1,12,False
2000013439_00001,vendor_1165,1,15,False
2000013440_00001,vendor_0043,1,29,False
2000013441_00001,vendor_1166,1,11,False
2000013442_00001,vendor_0048,1,12,False
2000013443_00001,vendor_0029,1,12,False
2000013443_00002,vendor_0029,1,12,False
2000013443_00003,vendor_0029,1,12,False
2000013444_00001,vendor_0011,1,12,False
2000013445_00001,vendor_0082,1,15,False
2000013446_00001,vendor_0058,1,19,False
2000013447_00001,vendor_1167,1,12,False
2000013448_00001,vendor_1168,1,60,False
2000013449_00001,vendor_1167,1,12,False
2000013450_00001,vendor_1169,1,13,False
2000013451_00001,vendor_1170,1,14,False
2000013452_00001,vendor_0043,1,22,False
2000013453_00001,vendor_1160,1,12,False
2000013454_00001,vendor_1171,1,70,False
2000013455_00001,vendor_0053,1,58,False
2000013456_00001,vendor_0003,1,13,False
2000013456_00002,vendor_0003,1,13,False
2000013456_00003,vendor_0003,1,13,False
2000013457_00001,vendor_1172,1,36,False
2000013458_00001,vendor_1173,1,26,False
2000013459_00001,vendor_0020,1,15,False
2000013460_00001,vendor_0053,1,35,False
2000013461_00001,vendor_0027,1,12,False
2000013462_00001,vendor_0012,1,26,False
2000013463_00001,vendor_0511,1,12,False
2000013464_00001,vendor_1174,1,13,False
2000013465_00001,vendor_0019,1,41,False
2000013466_00001,vendor_1175,1,15,False
2000013467_00001,vendor_1176,1,17,False
2000013468_00001,vendor_1177,1,17,False
2000013468_00002,vendor_1177,1,13,False
2000013469_00001,vendor_0017,1,16,False
2000013470_00001,vendor_0017,1,8,False
2000013471_00001,vendor_0006,1,8,False
2000013472_00001,vendor_0058,1,15,False
2000013473_00001,vendor_1178,1,21,False
2000013474_00001,vendor_1179,1,19,False
2000013475_00001,vendor_0000,1,12,False
2000013475_00002,vendor_0000,1,12,False
2000013475_00003,vendor_0000,1,12,False
2000013475_00004,vendor_0000,1,12,False
2000013476_00001,vendor_1180,1,13,False
2000013477_00001,vendor_0881,1,12,False
2000013478_00001,vendor_0076,1,12,False
2000013479_00001,vendor_1181,1,21,False
2000013480_00001,vendor_1182,1,14,False
2000013481_00001,vendor_0012,1,13,False
2000013482_00001,vendor_1183,1,14,False
2000013483_00001,vendor_0064,1,12,False
2000013483_00002,vendor_0064,1,12,False
2000013483_00003,vendor_0064,1,12,False
2000013484_00001,vendor_0083,1,12,False
2000013485_00001,vendor_1184,1,12,False
2000013485_00002,vendor_1184,1,12,False
2000013485_00003,vendor_1184,1,12,False
2000013485_00004,vendor_1184,1,12,False
2000013486_00001,vendor_0000,1,12,False
2000013487_00001,vendor_0083,1,12,False
2000013488_00001,vendor_0003,1,13,False
2000013488_00002,vendor_0003,1,13,False
2000013488_00003,vendor_0003,1,13,False
2000013488_00004,vendor_0003,1,13,False
2000013488_00005,vendor_0003,1,13,False
2000013489_00001,vendor_1185,1,23,False
2000013490_00001,vendor_1186,1,20,False
2000013491_00001,vendor_0027,1,12,False
2000013491_00002,vendor_0027,1,12,False
2000013492_00001,vendor_0021,1,13,False
2000013493_00001,vendor_0058,1,15,False
2000013494_00001,vendor_0074,1,21,False
2000013495_00001,vendor_1187,1,23,False
2000013496_00001,vendor_0021,1,15,False
2000013497_00001,vendor_0003,1,13,False
2000013497_00002,vendor_0003,1,13,False
2000013497_00003,vendor_0003,1,13,False
2000013497_00004,vendor_0003,1,13,False
2000013497_00005,vendor_0003,1,15,False
2000013498_00001,vendor_0000,1,12,False
2000013498_00002,vendor_0000,1,12,False
2000013499_00001,vendor_1188,1,12,False
2000013499_00002,vendor_1188,1,12,False
2000013500_00001,vendor_0011,1,12,False
2000013501_00001,vendor_0064,1,12,False
2000013501_00002,vendor_0064,1,12,False
2000013502_00001,vendor_0511,1,16,False
2000013503_00001,vendor_1189,1,15,False
2000013504_00001,vendor_1190,1,21,False
2000013505_00001,vendor_0011,1,12,False
2000013506_00001,vendor_0027,1,12,False
2000013506_00002,vendor_0027,1,12,False
2000013507_00001,vendor_0050,1,14,False
2000013508_00001,vendor_0003,1,13,False
2000013509_00001,vendor_0000,1,12,False
2000013510_00001,vendor_1191,1,15,False
2000013511_00001,vendor_1192,1,15,False
2000013512_00001,vendor_0011,1,12,False
2000013512_00002,vendor_0011,1,12,False
2000013512_00003,vendor_0011,1,12,False
2000013512_00004,vendor_0011,1,12,False
2000013513_00001,vendor_1193,1,12,False
2000013514_00001,vendor_1194,1,22,False
2000013515_00001,vendor_0076,1,12,False
2000013516_00001,vendor_0048,1,12,False
2000013517_00001,vendor_0083,1,12,False
2000013518_00001,vendor_0231,1,12,False
2000013519_00001,vendor_0029,1,12,False
2000013520_00001,vendor_0029,1,12,False
2000013521_00001,vendor_1166,1,39,False
2000013522_00001,vendor_1171,1,16,False
2000013523_00001,vendor_0017,1,57,False
2000013524_00001,vendor_0074,1,20,False
2000013525_00001,vendor_0027,1,12,False
2000013526_00001,vendor_0064,1,12,False
2000013527_00001,vendor_0037,1,19,False
2000013528_00001,vendor_0030,1,12,False
2000013529_00001,vendor_0102,1,31,False
2000013530_00001,vendor_0102,1,18,False
2000013531_00001,vendor_0418,1,13,False
2000013532_00001,vendor_0043,1,30,False
2000013533_00001,vendor_0028,1,12,False
2000013533_00002,vendor_0028,1,12,False
2000013534_00001,vendor_0027,1,12,False
2000013534_00002,vendor_0027,1,12,False
2000013535_00001,vendor_0000,1,12,False
2000013535_00002,vendor_0000,1,12,False
2000013536_00001,vendor_0058,1,14,False
2000013537_00001,vendor_1195,1,13,False
2000013538_00001,vendor_0058,1,15,False
2000013539_00001,vendor_0027,1,12,False
2000013540_00001,vendor_0026,1,15,False
2000013541_00001,vendor_0080,1,13,False
2000013542_00001,vendor_1196,1,22,False
2000013543_00001,vendor_0003,1,12,False
2000013543_00002,vendor_0003,1,12,False
2000013543_00003,vendor_0003,1,12,False
2000013543_00004,vendor_0003,1,12,False
2000013543_00005,vendor_0003,1,12,False
2000013543_00006,vendor_0003,1,12,False
2000013543_00007,vendor_0003,1,12,False
2000013543_00008,vendor_0003,1,12,False
2000013544_00001,vendor_0027,1,12,False
2000013545_00001,vendor_1197,1,8,False
2000013546_00001,vendor_1198,1,8,False
2000013547_00001,vendor_1199,1,39,False
2000013548_00001,vendor_0012,1,13,False
2000013549_00001,vendor_1183,1,21,False
2000013550_00001,vendor_0003,1,12,False
2000013550_00002,vendor_0003,1,12,False
2000013550_00003,vendor_0003,1,12,False
2000013550_00004,vendor_0003,1,12,False
2000013551_00001,vendor_0083,1,12,False
2000013552_00001,vendor_0026,1,49,False
2000013553_00001,vendor_0058,1,24,False
2000013554_00001,vendor_0058,1,23,False
2000013555_00001,vendor_0089,1,18,False
2000013556_00001,vendor_0000,1,12,False
2000013557_00001,vendor_0000,1,12,False
2000013558_00001,vendor_0623,1,12,False
2000013558_00002,vendor_0623,1,12,False
2000013558_00003,vendor_0623,1,12,False
2000013559_00001,vendor_1200,1,13,False
2000013560_00001,vendor_0021,1,15,False
2000013561_00001,vendor_1175,1,15,False
2000013562_00001,vendor_1201,1,20,False
2000013563_00001,vendor_0012,1,13,False
2000013564_00001,vendor_0045,1,12,False
2000013565_00001,vendor_0076,1,12,False
2000013566_00001,vendor_0076,1,12,False
2000013567_00001,vendor_0092,1,9,False
2000013568_00001,vendor_1202,1,62,False
2000013569_00001,vendor_0017,1,54,False
2000013570_00001,vendor_0511,1,16,False
2000013571_00001,vendor_0092,1,10,False
2000013572_00001,vendor_0005,1,14,False
2000013573_00001,vendor_0058,1,14,False
2000013574_00001,vendor_0058,1,14,False
2000013575_00001,vendor_0029,1,12,False
2000013575_00002,vendor_0029,1,12,False
2000013576_00001,vendor_0000,1,12,False
2000013576_00002,vendor_0000,1,12,False
2000013576_00003,vendor_0000,1,12,False
2000013577_00001,vendor_0048,1,13,False
2000013578_00001,vendor_0048,1,12,False
2000013578_00002,vendor_0048,1,12,False
2000013579_00001,vendor_1203,1,15,False
2000013580_00001,vendor_1204,1,13,False
2000013581_00001,vendor_1205,1,12,False
2000013582_00001,vendor_1167,1,12,False
2000013583_00001,vendor_0017,1,33,False
2000013584_00001,vendor_0011,1,12,False
2000013585_00001,vendor_1206,1,21,False
2000013586_00001,vendor_0012,1,13,False
2000013587_00001,vendor_0048,1,12,False
2000013588_00001,vendor_1207,1,44,False
2000013589_00001,vendor_1208,1,21,False
2000013590_00001,vendor_0048,1,12,False
2000013590_00002,vendor_0048,1,12,False
2000013591_00001,vendor_0043,1,14,False
2000013592_00001,vendor_0029,1,12,False
2000013593_00001,vendor_0027,1,12,False
2000013593_00002,vendor_0027,1,12,False
2000013593_00003,vendor_0027,1,13,False
2000013593_00004,vendor_0027,1,12,False
2000013594_00001,vendor_0026,1,23,False
2000013595_00001,vendor_0021,1,15,False
2000013596_00001,vendor_0017,1,21,False
2000013597_00001,vendor_0028,1,12,False
2000013598_00001,vendor_0042,1,17,False
2000013599_00001,vendor_0048,1,12,False
2000013600_00001,vendor_0009,1,43,False
2000013601_00001,vendor_1209,1,34,False
2000013602_00001,vendor_1210,1,13,False
2000013603_00001,vendor_0048,1,13,False
2000013603_00002,vendor_0048,1,20,False
2000013603_00003,vendor_0048,1,13,False
2000013604_00001,vendor_0021,1,15,False
2000013605_00001,vendor_1175,1,15,False
2000013606_00001,vendor_0093,1,18,False
2000013607_00001,vendor_0083,1,13,False
2000013608_00001,vendor_1211,1,14,False
2000013609_00001,vendor_0003,1,12,False
2000013609_00002,vendor_0003,1,12,False
2000013609_00003,vendor_0003,1,12,False
2000013609_00004,vendor_0003,1,12,False
2000013609_00005,vendor_0003,1,12,False
2000013609_00006,vendor_0003,1,12,False
2000013609_00007,vendor_0003,1,12,False
2000013610_00001,vendor_0092,1,15,False
2000013611_00001,vendor_0049,1,13,False
2000013612_00001,vendor_0000,1,12,False
2000013612_00002,vendor_0000,1,12,False
2000013612_00003,vendor_0000,1,12,False
2000013613_00001,vendor_0511,1,17,False
2000013614_00001,vendor_0027,1,12,False
2000013614_00002,vendor_0027,1,12,False
2000013614_00003,vendor_0027,1,12,False
2000013615_00001,vendor_1212,1,30,False
2000013616_00001,vendor_0027,1,12,False
2000013616_00002,vendor_0027,1,12,False
2000013616_00003,vendor_0027,1,12,False
2000013617_00001,vendor_0003,1,12,False
2000013617_00002,vendor_0003,1,12,False
2000013617_00003,vendor_0003,1,12,False
2000013617_00004,vendor_0003,1,12,False
2000013618_00001,vendor_0092,1,12,False
2000013619_00001,vendor_0027,1,12,False
2000013620_00001,vendor_0021,1,13,False
2000013621_00001,vendor_1175,1,13,False
2000013622_00001,vendor_0019,1,40,False
2000013623_00001,vendor_0053,1,22,False
2000013624_00001,vendor_0011,1,12,False
2000013625_00001,vendor_1213,1,18,False
2000013626_00001,vendor_1213,1,20,False
2000013627_00001,vendor_0092,1,9,False
2000013628_00001,vendor_0092,1,17,False
2000013629_00001,vendor_0092,1,12,False
2000013630_00001,vendor_0029,1,12,False
2000013631_00001,vendor_0080,1,13,False
2000013632_00001,vendor_0028,1,12,False
2000013633_00001,vendor_1214,1,13,False
2000013634_00001,vendor_0003,1,12,False
2000013634_00002,vendor_0003,1,12,False
2000013635_00001,vendor_1215,1,31,False
2000013636_00001,vendor_1196,1,14,False
2000013637_00001,vendor_0058,1,16,False
2000013638_00001,vendor_1216,1,14,False
2000013639_00001,vendor_0000,1,12,False
2000013640_00001,vendor_0011,1,12,False
2000013641_00001,vendor_0003,1,12,False
2000013641_00002,vendor_0003,1,12,False
2000013641_00003,vendor_0003,1,12,False
2000013642_00001,vendor_0003,1,13,False
2000013642_00002,vendor_0003,1,13,False
2000013642_00003,vendor_0003,1,13,False
2000013642_00004,vendor_0003,1,13,False
2000013642_00005,vendor_0003,1,13,False
2000013643_00001,vendor_1217,1,13,False
2000013644_00001,vendor_0000,1,12,False
2000013644_00002,vendor_0000,1,12,False
2000013645_00001,vendor_0011,1,12,False
2000013645_00002,vendor_0011,1,12,False
2000013646_00001,vendor_0027,1,12,False
2000013646_00002,vendor_0027,1,12,False
2000013647_00001,vendor_0029,1,12,False
2000013647_00002,vendor_0029,1,12,False
2000013647_00003,vendor_0029,1,12,False
2000013648_00001,vendor_0028,1,12,False
2000013649_00001,vendor_0041,1,13,False
2000013650_00001,vendor_0000,1,12,False
2000013650_00002,vendor_0000,1,12,False
2000013651_00001,vendor_0092,1,12,False
2000013652_00001,vendor_1218,1,21,False
2000013653_00001,vendor_0876,1,12,False
2000013654_00001,vendor_0029,1,12,False
2000013655_00001,vendor_0046,1,18,False
2000013656_00001,vendor_0046,1,18,False
2000013657_00001,vendor_1219,1,23,False
2000013658_00001,vendor_1175,1,15,False
2000013659_00001,vendor_0049,1,13,False
2000013660_00001,vendor_1172,1,13,False
2000013661_00001,vendor_0003,1,12,False
2000013662_00001,vendor_0004,1,12,False
2000013663_00001,vendor_1206,1,13,False
2000013664_00001,vendor_1220,1,10,False
2000013665_00001,vendor_0081,1,12,False
2000013666_00001,vendor_0081,1,12,False
2000013667_00001,vendor_1180,1,21,False
2000013668_00001,vendor_0029,1,12,False
2000013668_00002,vendor_0029,1,12,False
2000013669_00001,vendor_1221,1,27,False
2000013670_00001,vendor_0048,1,13,False
2000013671_00001,vendor_0031,1,13,False
2000013672_00001,vendor_0029,1,12,False
2000013673_00001,vendor_1218,1,26,False
2000013674_00001,vendor_0000,1,12,False
2000013674_00002,vendor_0000,1,12,False
2000013675_00001,vendor_1222,1,21,False
2000013676_00001,vendor_1223,1,13,False
2000013677_00001,vendor_0066,1,38,False
2000013678_00001,vendor_0003,1,12,False
2000013678_00002,vendor_0003,1,12,False
2000033448_00001,vendor_0021,1,15,False
2000033449_00001,vendor_0101,1,15,False
2000033450_00001,vendor_0102,1,13,False
2000033451_00001,vendor_1420,1,17,False
2000033452_00001,vendor_1183,1,14,False
2000033453_00001,vendor_0029,1,12,False
2000033454_00001,vendor_1177,1,12,False
2000033454_00002,vendor_1177,1,10,False
2000033455_00001,vendor_0027,1,12,False
2000033456_00001,vendor_0003,1,13,False
2000033456_00002,vendor_0003,1,13,False
2000033456_00003,vendor_0003,1,13,False
2000033456_00004,vendor_0003,1,13,False
2000033457_00001,vendor_0028,1,12,False
2000033457_00002,vendor_0028,1,12,False
2000033458_00001,vendor_0027,1,12,False
2000033458_00002,vendor_0027,1,12,False
2000033458_00003,vendor_0027,1,12,False
2000033459_00001,vendor_0080,1,13,False
2000033460_00001,vendor_1421,1,13,False
2000033461_00001,vendor_1422,1,49,False
2000033462_00001,vendor_0017,1,28,False
2000033463_00001,vendor_0007,1,19,False
2000033464_00001,vendor_0088,1,14,False
2000033464_00002,vendor_0088,1,15,False
2000033465_00001,vendor_0023,1,31,False
2000033466_00001,vendor_0089,1,18,False
2000033467_00001,vendor_1423,1,21,False
2000033468_00001,vendor_0003,1,12,False
2000033468_00002,vendor_0003,1,12,False
2000033468_00003,vendor_0003,1,12,False
2000033468_00004,vendor_0003,1,12,False
2000033469_00001,vendor_1424,1,15,False
2000033470_00001,vendor_1191,1,15,False
2000033471_00001,vendor_0000,1,12,False
2000033472_00001,vendor_0003,1,12,False
2000033473_00001,vendor_1425,1,12,False
2000033474_00001,vendor_0068,1,13,False
2000033475_00001,vendor_1426,1,22,False
2000033476_00001,vendor_0084,1,13,False
2000033477_00001,vendor_1427,1,13,False
2000033477_00002,vendor_1427,1,13,False
2000033478_00001,vendor_0000,1,12,False
2000033479_00001,vendor_0000,1,12,False
2000033479_00002,vendor_0000,1,12,False
2000033480_00001,vendor_0080,1,13,False
2000033481_00001,vendor_0027,1,12,False
2000033482_00001,vendor_1428,1,14,False
2000033483_00001,vendor_0027,1,12,False
2000033484_00001,vendor_0003,1,12,False
2000033484_00002,vendor_0003,1,12,False
2000033484_00003,vendor_0003,1,12,False
2000033484_00004,vendor_0003,1,12,False
2000033484_00005,vendor_0003,1,12,False
2000033485_00001,vendor_1429,1,19,False
2000033486_00001,vendor_0003,1,15,False
2000033487_00001,vendor_0000,1,12,False
2000033487_00002,vendor_0000,1,12,False
2000033488_00001,vendor_0027,1,12,False
2000033488_00002,vendor_0027,1,12,False
2000033489_00001,vendor_0231,1,12,False
2000033489_00002,vendor_0231,1,12,False
2000033490_00001,vendor_1188,1,12,False
2000033490_00002,vendor_1188,1,12,False
2000033491_00001,vendor_0000,1,12,False
2000033492_00001,vendor_0083,1,12,False
2000033493_00001,vendor_0000,1,12,False
2000033493_00002,vendor_0000,1,12,False
2000033494_00001,vendor_0048,1,12,False
2000033494_00002,vendor_0048,1,12,False
2000033494_00003,vendor_0048,1,12,False
2000033495_00001,vendor_1184,1,13,False
2000033495_00002,vendor_1184,1,13,False
2000033495_00003,vendor_1184,1,13,False
2000033495_00004,vendor_1184,1,13,False
2000033495_00005,vendor_1184,1,13,False
2000033495_00006,vendor_1184,1,13,False
2000033496_00001,vendor_0088,1,20,False
2000033497_00001,vendor_0011,1,12,False
2000033497_00002,vendor_0011,1,12,False
2000033497_00003,vendor_0011,1,12,False
2000033498_00001,vendor_0029,1,12,False
2000033498_00002,vendor_0029,1,12,False
2000033499_00001,vendor_0000,1,12,False
2000033499_00002,vendor_0000,1,12,False
2000033500_00001,vendor_0003,1,12,False
2000033500_00002,vendor_0003,1,12,False
2000033500_00003,vendor_0003,1,12,False
2000033500_00004,vendor_0003,1,12,False
2000033500_00005,vendor_0003,1,12,False
2000033501_00001,vendor_0028,1,12,False
2000033501_00002,vendor_0028,1,12,False
2000033501_00003,vendor_0028,1,12,False
2000033501_00004,vendor_0028,1,12,False
2000033502_00001,vendor_1430,1,13,False
2000033503_00001,vendor_0058,1,13,False
2000033504_00001,vendor_0027,1,12,False
2000033505_00001,vendor_0000,1,12,False
2000033505_00002,vendor_0000,1,12,False
2000033505_00003,vendor_0000,1,12,False
2000033506_00001,vendor_0003,1,12,False
2000033506_00002,vendor_0003,1,12,False
2000033506_00003,vendor_0003,1,12,False
2000033506_00004,vendor_0003,1,12,False
2000033507_00001,vendor_0028,1,21,False
2000033507_00002,vendor_0028,1,9,False
2000033508_00001,vendor_1431,1,13,False
2000033509_00001,vendor_0093,1,9,False
2000033510_00001,vendor_0048,1,12,False
2000033511_00001,vendor_0021,1,26,False
2000033512_00001,vendor_0089,1,9,False
2000033513_00001,vendor_1168,1,35,False
2000033514_00001,vendor_0058,1,13,False
2000033515_00001,vendor_0017,1,29,False
2000033516_00001,vendor_0058,1,13,False
2000033517_00001,vendor_1432,1,13,False
2000033518_00001,vendor_1184,1,12,False
2000033519_00001,vendor_0098,1,13,False
2000033520_00001,vendor_0021,1,13,False
2000033521_00001,vendor_0027,1,12,False
2000033521_00002,vendor_0027,1,12,False
2000033522_00001,vendor_0027,1,12,False
2000033523_00001,vendor_0011,1,13,False
2000033524_00001,vendor_1433,1,12,False
2000033525_00001,vendor_0029,1,12,False
2000033525_00002,vendor_0029,1,12,False
2000033526_00001,vendor_0048,1,12,False
2000033526_00002,vendor_0048,1,12,False
2000033527_00001,vendor_0050,1,9,False
2000033528_00001,vendor_0074,1,20,False
2000033529_00001,vendor_0623,1,12,False
2000033530_00001,vendor_1199,1,65,False
2000033531_00001,vendor_0000,1,12,False
2000033531_00002,vendor_0000,1,12,False
2000033532_00001,vendor_0027,1,14,False
2000033532_00002,vendor_0027,1,12,False
2000033533_00001,vendor_0058,1,13,False
2000033534_00001,vendor_1196,1,22,False
2000033535_00001,vendor_1196,1,14,False
2000033536_00001,vendor_0876,1,12,False
2000033537_00001,vendor_0028,1,12,False
2000033538_00001,vendor_0048,1,12,False
2000033539_00001,vendor_0027,1,12,False
2000033539_00002,vendor_0027,1,12,False
2000033540_00001,vendor_0058,1,19,False
2000033541_00001,vendor_1169,1,13,False
2000033542_00001,vendor_0011,1,12,False
2000033543_00001,vendor_1188,1,12,False
2000033544_00001,vendor_0024,1,8,False
2000033545_00001,vendor_0003,1,12,False
2000033545_00002,vendor_0003,1,12,False
2000033545_00003,vendor_0003,1,12,False
2000033545_00004,vendor_0003,1,12,False
2000033545_00005,vendor_0003,1,12,False
2000033545_00006,vendor_0003,1,12,False
2000033545_00007,vendor_0003,1,12,False
2000033546_00001,vendor_0876,1,12,False
2000033546_00002,vendor_0876,1,12,False
2000033546_00003,vendor_0876,1,9,False
2000033546_00004,vendor_0876,1,12,False
2000033546_00005,vendor_0876,1,12,False
2000033546_00006,vendor_0876,1,12,False
2000033546_00007,vendor_0876,1,12,False
2000033547_00001,vendor_0000,1,12,False
2000033547_00002,vendor_0000,1,12,False
2000033548_00001,vendor_0058,1,13,False
2000033549_00001,vendor_0021,1,13,False
2000033550_00001,vendor_0000,1,12,False
2000033550_00002,vendor_0000,1,12,False
2000033551_00001,vendor_0027,1,12,False
2000033552_00001,vendor_0000,1,25,False
2000033553_00001,vendor_0092,1,12,False
2000033554_00001,vendor_1159,1,12,False
2000033555_00001,vendor_0101,1,13,False
2000033556_00001,vendor_0017,1,8,False
2000033557_00001,vendor_0083,1,12,False
2000033558_00001,vendor_0003,1,12,False
2000033558_00002,vendor_0003,1,12,False
2000033559_00001,vendor_0027,1,12,False
2000033560_00001,vendor_0029,1,12,False
2000033560_00002,vendor_0029,1,12,False
2000033560_00003,vendor_0029,1,12,False
2000033561_00001,vendor_0037,1,12,False
2000033562_00001,vendor_0026,1,27,False
2000033563_00001,vendor_0026,1,13,False
2000033564_00001,vendor_0029,1,12,False
2000033565_00001,vendor_0000,1,13,False
2000033565_00002,vendor_0000,1,13,False
2000033565_00003,vendor_0000,1,13,False
2000033565_00004,vendor_0000,1,13,False
2000033566_00001,vendor_0000,1,12,False
2000033567_00001,vendor_0096,1,13,False
2000033568_00001,vendor_0021,1,13,False
2000033569_00001,vendor_0085,1,12,False
2000033570_00001,vendor_1167,1,12,False
2000033571_00001,vendor_0083,1,12,False
2000033572_00001,vendor_0085,1,12,False
2000033573_00001,vendor_0048,1,12,False
2000033574_00001,vendor_1434,1,13,False
2000033575_00001,vendor_1435,1,13,False
2000033576_00001,vendor_0876,1,12,False
2000033577_00001,vendor_1436,1,21,False
2000033578_00001,vendor_0003,1,12,False
2000033578_00002,vendor_0003,1,12,False
2000033578_00003,vendor_0003,1,12,False
2000033579_00001,vendor_0021,1,21,False
2000033580_00001,vendor_0026,1,13,False
2000033581_00001,vendor_0026,1,13,False
2000033582_00001,vendor_0021,1,13,False
2000033583_00001,vendor_1213,1,14,False
2000033584_00001,vendor_1437,1,13,False
2000033585_00001,vendor_0058,1,13,False
2000033586_00001,vendor_1438,1,13,False
2000033587_00001,vendor_1439,1,18,False
2000033588_00001,vendor_1440,1,13,False
2000033589_00001,vendor_1441,1,13,False
2000033590_00001,vendor_0011,1,12,False
2000033590_00002,vendor_0011,1,12,False
2000033591_00001,vendor_0026,1,13,False
2000033592_00001,vendor_0027,1,12,False
2000033592_00002,vendor_0027,1,12,False
2000033593_00001,vendor_0000,1,12,False
2000033593_00002,vendor_0000,1,12,False
2000033593_00003,vendor_0000,1,12,False
2000033594_00001,vendor_0000,1,12,False
2000033595_00001,vendor_1442,1,12,False
2000033596_00001,vendor_0000,1,12,False
2000033597_00001,vendor_0027,1,12,False
2000033597_00002,vendor_0027,1,12,False
2000033598_00001,vendor_1443,1,13,False
2000033599_00001,vendor_0029,1,12,False
2000033600_00001,vendor_0099,1,13,False
2000033601_00001,vendor_0027,1,12,False
2000033602_00001,vendor_1429,1,13,False
2000033603_00001,vendor_0077,1,12,False
2000033603_00002,vendor_0077,1,12,False
2000033603_00003,vendor_0077,1,12,False
2000033604_00001,vendor_0027,1,12,False
2000033605_00001,vendor_0003,1,13,False
2000033605_00002,vendor_0003,1,13,False
2000033605_00003,vendor_0003,1,13,False
2000033605_00004,vendor_0003,1,13,False
2000033605_00005,vendor_0003,1,13,False
2000033605_00006,vendor_0003,1,13,False
2000033605_00007,vendor_0003,1,13,False
2000033605_00008,vendor_0003,1,13,False
2000033605_00009,vendor_0003,1,13,False
2000033605_00010,vendor_0003,1,13,False
2000033605_00011,vendor_0003,1,13,False
2000033606_00001,vendor_0021,1,13,False
2000033607_00001,vendor_1444,1,13,False
2000033608_00001,vendor_1175,1,13,False
2000033609_00001,vendor_0027,1,12,False
2000033609_00002,vendor_0027,1,12,False
2000033610_00001,vendor_0000,1,12,False
2000033611_00001,vendor_0003,1,12,False
2000033611_00002,vendor_0003,1,12,False
2000033612_00001,vendor_1160,1,12,False
2000033612_00002,vendor_1160,1,12,False
2000033612_00003,vendor_1160,1,12,False
2000033613_00001,vendor_0048,1,12,False
2000033614_00001,vendor_0048,1,12,False
2000033615_00001,vendor_1262,1,13,False
2000033616_00001,vendor_1421,1,12,False
2000033617_00001,vendor_0003,1,12,False
2000033617_00002,vendor_0003,1,12,False
2000033617_00003,vendor_0003,1,12,False
2000033617_00004,vendor_0003,1,12,False
2000033617_00005,vendor_0003,1,12,False
2000033617_00006,vendor_0003,1,12,False
2000033618_00001,vendor_0028,1,12,False
2000033619_00001,vendor_0026,1,24,False
2000033620_00001,vendor_0007,1,37,False
2000033621_00001,vendor_0011,1,12,False
2000033622_00001,vendor_0096,1,13,False
2000033623_00001,vendor_0048,1,12,False
2000033624_00001,vendor_0029,1,12,False
2000033625_00001,vendor_0048,1,12,False
2000033626_00001,vendor_1197,1,13,False
2000033627_00001,vendor_0021,1,13,False
2000033628_00001,vendor_1429,1,13,False
2000033629_00001,vendor_0021,1,13,False
2000033630_00001,vendor_0000,1,12,False
2000033631_00001,vendor_1182,1,13,False
2000033632_00001,vendor_0087,1,12,False
2000033633_00001,vendor_0029,1,12,False
2000033634_00001,vendor_0043,1,13,False
2000033635_00001,vendor_0043,1,21,False
2000052669_00001,vendor_0092,1,12,False
2000052670_00001,vendor_1304,1,9,False
2000052671_00001,vendor_0021,1,13,False
2000052672_00001,vendor_0058,1,13,False
2000052673_00001,vendor_0003,1,12,False
2000052674_00001,vendor_1498,1,12,False
2000052675_00001,vendor_0511,1,12,False
2000052676_00001,vendor_0003,1,12,False
2000052676_00002,vendor_0003,1,12,False
2000052676_00003,vendor_0003,1,12,False
2000052676_00004,vendor_0003,1,12,False
2000052676_00005,vendor_0003,1,12,False
2000052676_00006,vendor_0003,1,12,False
2000052676_00007,vendor_0003,1,12,False
2000052676_00008,vendor_0003,1,12,False
2000052677_00001,vendor_0056,1,12,False
2000052678_00001,vendor_0030,1,15,False
2000052678_00002,vendor_0030,1,15,False
2000052678_00003,vendor_0030,1,15,False
2000052679_00001,vendor_0030,1,13,False
2000052679_00002,vendor_0030,1,9,False
2000052680_00001,vendor_1499,1,8,False
2000052681_00001,vendor_0088,1,12,False
2000052682_00001,vendor_0003,1,12,False
2000052683_00001,vendor_1444,1,10,False
2000052684_00001,vendor_0000,1,12,False
2000052685_00001,vendor_1428,1,15,False
2000052686_00001,vendor_0048,1,12,False
2000052687_00001,vendor_0027,1,12,False
2000052688_00001,vendor_0000,1,12,False
2000052688_00002,vendor_0000,1,12,False
2000052689_00001,vendor_1175,1,13,False
2000052690_00001,vendor_1191,1,15,False
2000052691_00001,vendor_0048,1,12,False
2000052692_00001,vendor_0028,1,12,False
2000052693_00001,vendor_0048,1,12,False
2000052693_00002,vendor_0048,1,12,False
2000052694_00001,vendor_1175,1,13,False
2000052695_00001,vendor_1191,1,15,False
2000052696_00001,vendor_1183,1,20,False
2000052697_00001,vendor_0024,1,12,False
2000052698_00001,vendor_0098,1,13,False
2000052699_00001,vendor_0021,1,13,False
2000052700_00001,vendor_1500,1,12,False
2000052701_00001,vendor_0011,1,12,False
2000052702_00001,vendor_1364,1,12,False
2000052703_00001,vendor_0092,1,12,False
2000052704_00001,vendor_0000,1,12,False
2000052704_00002,vendor_0000,1,12,False
2000052705_00001,vendor_0003,1,12,False
2000052705_00002,vendor_0003,1,12,False
2000052706_00001,vendor_1501,1,8,False
2000052707_00001,vendor_0075,1,12,False
2000052707_00002,vendor_0075,1,13,False
2000052708_00001,vendor_0080,1,13,False
2000052709_00001,vendor_1502,1,13,False
2000052710_00001,vendor_0367,1,10,False
2000052711_00001,vendor_1184,1,13,False
2000052712_00001,vendor_1503,1,12,False
2000052712_00002,vendor_1503,1,12,False
2000052713_00001,vendor_0000,1,12,False
2000052714_00001,vendor_1504,1,21,False
2000052715_00001,vendor_1505,1,15,False
2000052716_00001,vendor_1222,1,13,False
2000052717_00001,vendor_0060,1,12,False
2000052718_00001,vendor_0000,1,12,False
2000052718_00002,vendor_0000,1,12,False
2000052719_00001,vendor_0072,1,12,False
2000052720_00001,vendor_1506,1,13,False
2000052721_00001,vendor_0003,1,12,False
2000052721_00002,vendor_0003,1,12,False
2000052721_00003,vendor_0003,1,12,False
2000052721_00004,vendor_0003,1,12,False
2000052721_00005,vendor_0003,1,12,False
2000052721_00006,vendor_0003,1,12,False
2000052721_00007,vendor_0003,1,12,False
2000052721_00008,vendor_0003,1,12,False
2000052721_00009,vendor_0003,1,12,False
2000052721_00010,vendor_0003,1,12,False
2000052722_00001,vendor_1175,1,21,False
2000052723_00001,vendor_1175,1,23,False
2000052724_00001,vendor_0082,1,27,False
2000052725_00001,vendor_0080,1,13,False
2000052726_00001,vendor_1161,1,32,False
2000052727_00001,vendor_0029,1,12,False
2000052727_00002,vendor_0029,1,12,False
2000052728_00001,vendor_0000,1,12,False
2000052729_00001,vendor_1507,1,13,False
2000052730_00001,vendor_0011,1,12,False
2000052730_00002,vendor_0011,1,12,False
2000052730_00003,vendor_0011,1,12,False
2000052731_00001,vendor_0003,1,12,False
2000052731_00002,vendor_0003,1,12,False
2000052731_00003,vendor_0003,1,12,False
2000052731_00004,vendor_0003,1,12,False
2000052731_00005,vendor_0003,1,12,False
2000052731_00006,vendor_0003,1,12,False
2000052731_00007,vendor_0003,1,12,False
2000052732_00001,vendor_0027,1,12,False
2000052732_00002,vendor_0027,1,12,False
2000052732_00003,vendor_0027,1,12,False
2000052733_00001,vendor_0048,1,8,False
2000052734_00001,vendor_0011,1,12,False
2000052735_00001,vendor_1508,1,23,False
2000052736_00001,vendor_0011,1,9,False
2000052737_00001,vendor_0026,1,15,False
2000052738_00001,vendor_0000,1,12,False
2000052738_00002,vendor_0000,1,12,False
2000052739_00001,vendor_1509,1,13,False
2000052740_00001,vendor_0027,1,13,False
2000052740_00002,vendor_0027,1,13,False
2000052741_00001,vendor_0027,1,16,False
2000052741_00002,vendor_0027,1,12,False
2000052742_00001,vendor_1430,1,8,False
2000052743_00001,vendor_0030,1,13,False
2000052744_00001,vendor_1510,1,13,False
2000052745_00001,vendor_0876,1,11,False
2000052745_00002,vendor_0876,1,11,False
2000052745_00003,vendor_0876,1,11,False
2000052745_00004,vendor_0876,1,11,False
2000052745_00005,vendor_0876,1,11,False
2000052745_00006,vendor_0876,1,11,False
2000052745_00007,vendor_0876,1,11,False
2000052746_00001,vendor_0000,1,12,False
2000052747_00001,vendor_1511,1,13,False
2000052748_00001,vendor_0021,1,18,False
2000052749_00001,vendor_0000,1,12,False
2000052750_00001,vendor_0058,1,12,False
2000052751_00001,vendor_0000,1,12,False
2000052751_00002,vendor_0000,1,12,False
2000052751_00003,vendor_0000,1,12,False
2000052751_00004,vendor_0000,1,12,False
2000052751_00005,vendor_0000,1,12,False
2000052752_00001,vendor_0070,1,9,False
2000052753_00001,vendor_0070,1,9,False
2000052754_00001,vendor_0049,1,13,False
2000052755_00001,vendor_1429,1,21,False
2000052756_00001,vendor_0027,1,17,False
2000052757_00001,vendor_1164,1,8,False
2000052758_00001,vendor_1164,1,16,False
2000052759_00001,vendor_0058,1,8,False
2000052760_00001,vendor_0021,1,8,False
2000052761_00001,vendor_0029,1,12,False
2000052761_00002,vendor_0029,1,12,False
2000052762_00001,vendor_0037,1,12,False
2000052763_00001,vendor_0085,1,12,False
2000052764_00001,vendor_0035,1,13,False
2000052765_00001,vendor_1443,1,13,False
2000052766_00001,vendor_0101,1,13,False
2000052767_00001,vendor_0000,1,9,False
2000052767_00002,vendor_0000,1,9,False
2000052767_00003,vendor_0000,1,12,False
2000052767_00004,vendor_0000,1,9,False
2000052767_00005,vendor_0000,1,9,False
2000052768_00001,vendor_0035,1,11,False
2000052769_00001,vendor_0101,1,13,False
2000052770_00001,vendor_0101,1,13,False
2000052771_00001,vendor_1432,1,13,False
2000052772_00001,vendor_0026,1,22,False
2000052773_00001,vendor_0081,1,9,False
2000052774_00001,vendor_1191,1,12,False
2000052774_00002,vendor_1191,1,12,False
2000052775_00001,vendor_0011,1,12,False
2000052775_00002,vendor_0011,1,12,False
2000052775_00003,vendor_0011,1,12,False
2000052776_00001,vendor_0000,1,12,False
2000052776_00002,vendor_0000,1,12,False
2000052776_00003,vendor_0000,1,12,False
2000052776_00004,vendor_0000,1,12,False
2000052776_00005,vendor_0000,1,12,False
2000052776_00006,vendor_0000,1,12,False
2000052777_00001,vendor_1509,1,18,False
2000052778_00001,vendor_1512,1,8,False
2000052779_00001,vendor_0572,1,12,False
2000052780_00001,vendor_0092,1,12,False
2000052781_00001,vendor_0048,1,12,False
2000052781_00002,vendor_0048,1,12,False
2000052782_00001,vendor_1175,1,12,False
2000052783_00001,vendor_0000,1,12,False
2000052783_00002,vendor_0000,1,12,False
2000052783_00003,vendor_0000,1,12,False
2000052784_00001,vendor_0012,1,13,False
2000052785_00001,vendor_1513,1,18,False
2000052786_00001,vendor_1213,1,14,False
2000052787_00001,vendor_0048,1,12,False
2000052788_00001,vendor_1514,1,13,False
2000052789_00001,vendor_0096,1,11,False
2000052790_00001,vendor_0076,1,12,False
2000052791_00001,vendor_1509,1,13,False
2000052792_00001,vendor_0056,1,12,False
2000052793_00001,vendor_1262,1,8,False
2000052794_00001,vendor_0003,1,12,False
2000052794_00002,vendor_0003,1,12,False
2000052794_00003,vendor_0003,1,12,False
2000052795_00001,vendor_0027,1,12,False
2000052796_00001,vendor_0027,1,14,False
2000052796_00002,vendor_0027,1,9,False
2000052797_00001,vendor_0029,1,12,False
2000052798_00001,vendor_1515,1,8,False
2000052799_00001,vendor_0021,1,8,False
2000052800_00001,vendor_0058,1,8,False
2000052801_00001,vendor_0048,1,12,False
2000052801_00002,vendor_0048,1,12,False
2000052801_00003,vendor_0048,1,12,False
2000052802_00001,vendor_1516,1,13,False
2000052803_00001,vendor_0027,1,11,False
2000052804_00001,vendor_0027,1,12,False
2000052805_00001,vendor_0003,1,12,False
2000052805_00002,vendor_0003,1,12,False
2000052805_00003,vendor_0003,1,12,False
2000052805_00004,vendor_0003,1,12,False
2000052806_00001,vendor_1510,1,12,False
2000052807_00001,vendor_1517,1,12,False
2000052807_00002,vendor_1517,1,12,False
2000052807_00003,vendor_1517,1,12,False
2000052807_00004,vendor_1517,1,12,False
2000052807_00005,vendor_1517,1,13,False
2000052808_00001,vendor_0026,1,8,False
2000052809_00001,vendor_1518,1,12,False
2000052810_00001,vendor_1185,1,8,False
2000052811_00001,vendor_0076,1,13,False
2000052812_00001,vendor_0083,1,12,False
2000052813_00001,vendor_0083,1,12,False
2000052814_00001,vendor_0102,1,8,False
2000052815_00001,vendor_0058,1,26,False
2000052816_00001,vendor_0101,1,13,False
2000052817_00001,vendor_1519,1,13,False
2000052818_00001,vendor_1520,1,13,False
2000052819_00001,vendor_1521,1,8,False
2000052820_00001,vendor_1522,1,8,False
2000052821_00001,vendor_0027,1,11,False
2000052822_00001,vendor_0000,1,12,False
2000052823_00001,vendor_1523,1,8,False
2000052824_00001,vendor_0003,1,13,False
2000052824_00002,vendor_0003,1,13,False
2000052824_00003,vendor_0003,1,13,False
2000052824_00004,vendor_0003,1,13,False
2000052824_00005,vendor_0003,1,13,False
2000052824_00006,vendor_0003,1,13,False
2000052824_00007,vendor_0003,1,13,False
2000052824_00008,vendor_0003,1,13,False
2000052824_00009,vendor_0003,1,13,False
2000052825_00001,vendor_0058,1,16,False
2000052826_00001,vendor_0058,1,8,False
2000052827_00001,vendor_0089,1,17,False
2000052828_00001,vendor_0058,1,8,False
2000052829_00001,vendor_0101,1,8,False
2000052830_00001,vendor_0101,1,16,False
2000052831_00001,vendor_1175,1,12,False
2000052832_00001,vendor_1172,1,8,False
2000052833_00001,vendor_0000,1,9,False
2000052834_00001,vendor_0102,1,13,False
2000052835_00001,vendor_0000,1,9,False
2000052836_00001,vendor_0011,1,12,False
2000052837_00001,vendor_1175,1,12,False
2000052838_00001,vendor_0011,1,11,False
2000052839_00001,vendor_1197,1,10,False
2000052840_00001,vendor_0058,1,12,False
2000052841_00001,vendor_0058,1,10,False
2000052842_00001,vendor_1524,1,8,False
2000052843_00001,vendor_0024,1,8,False
2000052843_00002,vendor_0024,1,8,False
2000052843_00003,vendor_0024,1,8,False
2000052844_00001,vendor_0102,1,13,False
2000052845_00001,vendor_0027,1,12,False
2000052846_00001,vendor_0003,1,12,False
2000052847_00001,vendor_0003,1,13,False
2000052847_00002,vendor_0003,1,13,False
2000052847_00003,vendor_0003,1,13,False
2000052847_00004,vendor_0003,1,13,False
2000052847_00005,vendor_0003,1,13,False
2000052847_00006,vendor_0003,1,13,False
2000052848_00001,vendor_0003,1,12,False
2000052848_00002,vendor_0003,1,12,False
2000052848_00003,vendor_0003,1,12,False
2000052849_00001,vendor_1525,1,8,False
2000052850_00001,vendor_1175,1,18,False
2000052851_00001,vendor_1175,1,12,False
2000052852_00001,vendor_0058,1,10,False
2000052853_00001,vendor_0101,1,12,False
2000052854_00001,vendor_1526,1,13,False
2000052855_00001,vendor_0003,1,12,False
2000052855_00002,vendor_0003,1,12,False
2000052855_00003,vendor_0003,1,12,False
2000052856_00001,vendor_0026,1,12,False
2000052857_00001,vendor_0026,1,8,False
2000052858_00001,vendor_0021,1,8,False
2000052859_00001,vendor_0027,1,11,False
2000052859_00002,vendor_0027,1,11,False
2000052860_00001,vendor_0028,1,11,False
2000052861_00001,vendor_1169,1,13,False
2000052862_00001,vendor_0049,1,26,False
2000052863_00001,vendor_0058,1,8,False
2000052864_00001,vendor_0029,1,12,False
2000052865_00001,vendor_1159,1,12,False
2000052866_00001,vendor_0058,1,12,False
2000052867_00001,vendor_1183,1,8,False
2000052868_00001,vendor_1175,1,8,False
2000052869_00001,vendor_1527,1,8,False
2000052870_00001,vendor_1175,1,12,False
2000052871_00001,vendor_0076,1,12,False
2000052872_00001,vendor_0048,1,12,False
2000052873_00001,vendor_0000,1,16,False
2000052873_00002,vendor_0000,1,16,False
2000052873_00003,vendor_0000,1,16,False
2000052873_00004,vendor_0000,1,16,False
2000052873_00005,vendor_0000,1,16,False
2000052874_00001,vendor_0003,1,12,False
2000052874_00002,vendor_0003,1,12,False
2000052874_00003,vendor_0003,1,12,False
2000052874_00004,vendor_0003,1,12,False
2000052875_00001,vendor_0081,1,12,False
2000052875_00002,vendor_0081,1,12,False
2000052876_00001,vendor_0028,1,9,False
2000052877_00001,vendor_0027,1,11,False
2000052878_00001,vendor_0000,1,9,False
2000052879_00001,vendor_0000,1,9,False
2000052880_00001,vendor_1432,1,13,False
2000052881_00001,vendor_0026,1,12,False
2000052882_00001,vendor_1421,1,12,False
2000052882_00002,vendor_1421,1,12,False
2000052882_00003,vendor_1421,1,9,False
2000052883_00001,vendor_0027,1,11,False
2000052883_00002,vendor_0027,1,11,False
2000052884_00001,vendor_1175,1,12,False
2000052885_00001,vendor_0011,1,11,False
2000052885_00002,vendor_0011,1,11,False
2000052885_00003,vendor_0011,1,11,False
2000052886_00001,vendor_0045,1,11,False
2000052887_00001,vendor_0042,1,8,False
2000052887_00002,vendor_0042,1,8,False
2000052888_00001,vendor_0083,1,12,False
2000052889_00001,vendor_0029,1,12,False
2000052890_00001,vendor_0012,1,13,False
2000052891_00001,vendor_1222,1,12,False
2000052892_00001,vendor_0021,1,8,False
2000052893_00001,vendor_0021,1,8,False
2000052894_00001,vendor_1161,1,8,False
2000052895_00001,vendor_0011,1,8,False
2000052896_00001,vendor_0003,1,12,False
2000052896_00002,vendor_0003,1,12,False
2000052896_00003,vendor_0003,1,12,False
2000052896_00004,vendor_0003,1,12,False
2000052896_00005,vendor_0003,1,12,False
2000052896_00006,vendor_0003,1,12,False
2000052896_00007,vendor_0003,1,12,False
2000052896_00008,vendor_0003,1,12,False
2000052896_00009,vendor_0003,1,12,False
2000052896_00010,vendor_0003,1,12,False
2000052896_00011,vendor_0003,1,12,False
2000052897_00001,vendor_1528,1,8,False
2000052898_00001,vendor_1529,1,8,False
2000052899_00001,vendor_1530,1,13,False
2000052900_00001,vendor_1528,1,8,False
2000052901_00001,vendor_1176,1,8,False
2000052902_00001,vendor_0876,1,11,False
2000052902_00002,vendor_0876,1,11,False
2000052903_00001,vendor_1529,1,8,False
2000052904_00001,vendor_0048,1,13,False
2000052904_00002,vendor_0048,1,13,False
2000052904_00003,vendor_0048,1,13,False
2000052905_00001,vendor_0048,1,12,False
2000052906_00001,vendor_1531,1,8,False
2000052907_00001,vendor_0000,1,9,False
2000052907_00002,vendor_0000,1,9,False
2000052907_00003,vendor_0000,1,9,False
2000052907_00004,vendor_0000,1,9,False
2000052907_00005,vendor_0000,1,9,False
2000052907_00006,vendor_0000,1,9,False
2000052908_00001,vendor_0029,1,12,False
2000052909_00001,vendor_0048,1,12,False
2000052910_00001,vendor_0012,1,13,False
2000052911_00001,vendor_1191,1,9,False
2000052912_00001,vendor_0026,1,12,False
2000052913_00001,vendor_0026,1,8,False
2000052914_00001,vendor_0026,1,12,False
2000052915_00001,vendor_0052,1,13,False
2000052916_00001,vendor_1174,1,12,False
2000052917_00001,vendor_1532,1,13,False
2000052918_00001,vendor_0048,1,12,False
2000052918_00002,vendor_0048,1,12,False
2000052919_00001,vendor_0027,1,11,False
2000052919_00002,vendor_0027,1,11,False
2000052920_00001,vendor_1432,1,12,False
2000052921_00001,vendor_0089,1,12,False
2000052922_00001,vendor_1533,1,8,False
2000052923_00001,vendor_1175,1,12,False
2000052924_00001,vendor_1213,1,14,False
2000052925_00001,vendor_0027,1,13,False
2000052926_00001,vendor_0026,1,12,False
2000052927_00001,vendor_0876,1,11,False
2000052928_00001,vendor_0000,1,9,False
2000052929_00001,vendor_0000,1,9,False
2000052930_00001,vendor_0029,1,11,False
2000052931_00001,vendor_0003,1,10,False
2000052931_00002,vendor_0003,1,10,False
2000052931_00003,vendor_0003,1,10,False
2000052931_00004,vendor_0003,1,10,False
2000052931_00005,vendor_0003,1,10,False
2000052931_00006,vendor_0003,1,10,False
2000052932_00001,vendor_1534,1,8,False
2000052933_00001,vendor_0088,1,11,False
2000052934_00001,vendor_1535,1,12,False
2000052935_00001,vendor_1536,1,13,False
2000052936_00001,vendor_1429,1,8,False
2000052937_00001,vendor_1175,1,12,False
2000052938_00001,vendor_1175,1,10,False
2000052939_00001,vendor_1191,1,8,False
2000052940_00001,vendor_1537,1,8,False
2000052941_00001,vendor_1175,1,12,False
2000052942_00001,vendor_0102,1,12,False
2000052943_00001,vendor_1180,1,12,False
2000052944_00001,vendor_0029,1,11,False
2000052944_00002,vendor_0029,1,11,False
2000052945_00001,vendor_0040,1,8,False
2000052946_00001,vendor_0021,1,8,False
2000052947_00001,vendor_1175,1,12,False
2000052948_00001,vendor_0058,1,12,False
2000052949_00001,vendor_0066,1,12,False
2000052950_00001,vendor_0000,1,9,False
2000052950_00002,vendor_0000,1,9,False
2000052951_00001,vendor_1185,1,8,False
2000052952_00001,vendor_0026,1,8,False
2000052953_00001,vendor_0058,1,12,False
2000052954_00001,vendor_0026,1,12,False
2000052955_00001,vendor_1196,1,8,False
2000052956_00001,vendor_0028,1,9,False
2000052957_00001,vendor_1196,1,8,False
2000052958_00001,vendor_1538,1,11,False
2000052959_00001,vendor_0133,1,12,False
2000052960_00001,vendor_0058,1,10,False
2000052961_00001,vendor_0058,1,12,False
2000052962_00001,vendor_0041,1,20,False
2000052962_00002,vendor_0041,1,13,False
2000052963_00001,vendor_0058,1,10,False
2000052964_00001,vendor_0026,1,8,False
2000052965_00001,vendor_0027,1,13,False
2000052966_00001,vendor_0020,1,12,False
2000052967_00001,vendor_1537,1,8,False
2000052968_00001,vendor_0058,1,12,False
2000052969_00001,vendor_1539,1,13,False
2000052970_00001,vendor_0083,1,12,False
2000052971_00001,vendor_1486,1,12,False
2000052972_00001,vendor_0194,1,8,False
2000052973_00001,vendor_1540,1,18,False
2000052974_00001,vendor_0071,1,8,False
2000052975_00001,vendor_1541,1,13,False
2000052976_00001,vendor_0199,1,11,False
2000052977_00001,vendor_0000,1,8,False
2000052978_00001,vendor_0081,1,9,False
2000052978_00002,vendor_0081,1,9,False
2000052979_00001,vendor_1542,1,8,False
2000052980_00001,vendor_1543,1,8,False
4507000221_00010,vendor_0103,1,6,False
4507000222_00010,vendor_0103,1,6,False
4507000222_00020,vendor_0103,1,6,False
4507000223_00010,vendor_0104,1,6,False
4507000224_00010,vendor_0105,1,6,False
4507000225_00010,vendor_0106,1,5,False
4507000225_00020,vendor_0106,1,5,False
4507000225_00030,vendor_0106,1,5,False
4507000225_00040,vendor_0106,1,5,False
4507000226_00010,vendor_0032,1,6,False
4507000227_00010,vendor_0107,1,5,False
4507000228_00010,vendor_0108,1,5,False
4507000228_00020,vendor_0108,1,8,False
4507000228_00030,vendor_0108,1,5,False
4507000228_00040,vendor_0108,1,5,False
4507000229_00010,vendor_0109,1,8,False
4507000229_00020,vendor_0109,1,7,False
4507000230_00010,vendor_0110,1,6,False
4507000230_00020,vendor_0110,1,6,False
4507000230_00030,vendor_0110,1,6,False
4507000230_00040,vendor_0110,1,10,False
4507000230_00050,vendor_0110,1,6,False
4507000230_00060,vendor_0110,1,6,False
4507000230_00070,vendor_0110,1,10,False
4507000230_00080,vendor_0110,1,6,False
4507000230_00090,vendor_0110,1,6,False
4507000230_00100,vendor_0110,1,6,False
4507000231_00010,vendor_0111,1,6,False
4507000231_00020,vendor_0111,1,6,False
4507000232_00010,vendor_0112,1,6,False
4507000232_00020,vendor_0112,1,6,False
4507000232_00030,vendor_0112,1,6,False
4507000233_00010,vendor_0113,1,6,False
4507000234_00010,vendor_0114,1,5,False
4507000234_00020,vendor_0114,1,5,False
4507000234_00030,vendor_0114,1,5,False
4507000235_00010,vendor_0115,1,5,False
4507000235_00020,vendor_0115,1,5,False
4507000235_00030,vendor_0115,1,5,False
4507000235_00040,vendor_0115,1,5,False
4507000236_00010,vendor_0113,1,7,False
4507000237_00010,vendor_0116,1,6,False
4507000238_00010,vendor_0117,1,6,False
4507000238_00020,vendor_0117,1,6,False
4507000238_00030,vendor_0117,1,6,False
4507000238_00040,vendor_0117,1,6,False
4507000238_00050,vendor_0117,1,6,False
4507000238_00060,vendor_0117,1,6,False
4507000238_00070,vendor_0117,1,6,False
4507000238_00080,vendor_0117,1,6,False
4507000238_00090,vendor_0117,1,6,False
4507000238_00100,vendor_0117,1,20,False
4507000238_00110,vendor_0117,1,6,False
4507000238_00120,vendor_0117,1,6,False
4507000238_00130,vendor_0117,1,6,False
4507000238_00140,vendor_0117,1,6,False
4507000238_00150,vendor_0117,1,15,False
4507000238_00160,vendor_0117,1,6,False
4507000238_00170,vendor_0117,1,6,False
4507000238_00180,vendor_0117,1,6,False
4507000238_00190,vendor_0117,1,6,False
4507000238_00200,vendor_0117,1,6,False
4507000238_00210,vendor_0117,1,6,False
4507000238_00220,vendor_0117,1,6,False
4507000238_00230,vendor_0117,1,6,False
4507000238_00240,vendor_0117,1,9,False
4507000238_00250,vendor_0117,1,6,False
4507000238_00260,vendor_0117,1,6,False
4507000238_00270,vendor_0117,1,6,False
4507000238_00280,vendor_0117,1,6,False
4507000238_00290,vendor_0117,1,6,False
4507000238_00300,vendor_0117,1,6,False
4507000238_00310,vendor_0117,1,6,False
4507000238_00320,vendor_0117,1,6,False
4507000238_00330,vendor_0117,1,6,False
4507000238_00340,vendor_0117,1,6,False
4507000238_00350,vendor_0117,1,11,False
4507000238_00360,vendor_0117,1,6,False
4507000238_00370,vendor_0117,1,6,False
4507000238_00380,vendor_0117,1,6,False
4507000238_00390,vendor_0117,1,6,False
4507000238_00400,vendor_0117,1,6,False
4507000238_00410,vendor_0117,1,6,False
4507000238_00420,vendor_0117,1,6,False
4507000238_00430,vendor_0117,1,6,False
4507000238_00440,vendor_0117,1,6,False
4507000238_00450,vendor_0117,1,6,False
4507000238_00460,vendor_0117,1,9,False
4507000238_00470,vendor_0117,1,6,False
4507000238_00480,vendor_0117,1,6,False
4507000238_00490,vendor_0117,1,6,False
4507000238_00500,vendor_0117,1,10,False
4507000238_00510,vendor_0117,1,6,False
4507000238_00520,vendor_0117,1,6,False
4507000238_00530,vendor_0117,1,6,False
4507000238_00540,vendor_0117,1,5,False
4507000238_00550,vendor_0117,1,6,False
4507000238_00560,vendor_0117,1,5,False
4507000238_00570,vendor_0117,1,6,False
4507000238_00580,vendor_0117,1,6,False
4507000239_00010,vendor_0118,1,5,False
4507000239_00020,vendor_0118,1,5,False
4507000239_00030,vendor_0118,1,5,False
4507000239_00040,vendor_0118,1,5,False
4507000239_00050,vendor_0118,1,5,False
4507000239_00060,vendor_0118,1,5,False
4507000239_00070,vendor_0118,1,5,False
4507000239_00080,vendor_0118,1,6,False
4507000240_00001,vendor_0119,1,6,False
4507000241_00001,vendor_0119,1,6,False
4507000242_00001,vendor_0119,1,6,False
4507000243_00001,vendor_0119,1,6,False
4507000244_00001,vendor_0119,1,6,False
4507000245_00001,vendor_0119,1,6,False
4507000246_00001,vendor_0119,1,6,False
4507000247_00001,vendor_0119,1,6,False
4507000248_00001,vendor_0119,1,6,False
4507000249_00001,vendor_0119,1,6,False
4507000250_00010,vendor_0120,1,5,False
4507000250_00020,vendor_0120,1,5,False
4507000251_00010,vendor_0121,1,5,False
4507000251_00020,vendor_0121,1,5,False
4507000251_00030,vendor_0121,1,5,False
4507000252_00010,vendor_0122,1,5,False
4507000252_00020,vendor_0122,1,5,False
4507000252_00030,vendor_0122,1,5,False
4507000252_00040,vendor_0122,1,5,False
4507000252_00050,vendor_0122,1,5,False
4507000252_00060,vendor_0122,1,5,False
4507000252_00070,vendor_0122,1,5,False
4507000252_00080,vendor_0122,1,5,False
4507000252_00090,vendor_0122,1,5,False
4507000252_00100,vendor_0122,1,5,False
4507000252_00110,vendor_0122,1,4,False
4507000252_00120,vendor_0122,1,7,False
4507000252_00130,vendor_0122,1,5,False
4507000253_00010,vendor_0123,1,5,False
4507000254_00010,vendor_0122,1,6,False
4507000254_00020,vendor_0122,1,6,False
4507000254_00030,vendor_0122,1,6,False
4507000254_00040,vendor_0122,1,6,False
4507000254_00050,vendor_0122,1,6,False
4507000254_00060,vendor_0122,1,3,False
4507000255_00010,vendor_0124,1,5,False
4507000255_00020,vendor_0124,1,7,False
4507000255_00030,vendor_0124,1,5,False
4507000255_00040,vendor_0124,1,5,False
4507000255_00050,vendor_0124,1,5,False
4507000256_00010,vendor_0125,1,3,False
4507000257_00010,vendor_0126,1,6,False
4507000257_00020,vendor_0126,1,6,False
4507000257_00030,vendor_0126,1,6,False
4507000257_00040,vendor_0126,1,6,False
4507000257_00050,vendor_0126,1,6,False
4507000257_00060,vendor_0126,1,6,False
4507000257_00070,vendor_0126,1,5,False
4507000257_00080,vendor_0126,1,7,False
4507000257_00090,vendor_0126,1,6,False
4507000257_00100,vendor_0126,1,6,False
4507000257_00110,vendor_0126,1,6,False
4507000257_00120,vendor_0126,1,6,False
4507000257_00130,vendor_0126,1,6,False
4507000257_00140,vendor_0126,1,6,False
4507000257_00150,vendor_0126,1,6,False
4507000257_00160,vendor_0126,1,6,False
4507000257_00170,vendor_0126,1,9,False
4507000258_00001,vendor_0119,1,7,False
4507000259_00010,vendor_0127,1,5,False
4507000259_00020,vendor_0127,1,5,False
4507000259_00030,vendor_0127,1,5,False
4507000259_00040,vendor_0127,1,5,False
4507000259_00050,vendor_0127,1,6,False
4507000260_00010,vendor_0128,1,6,False
4507000260_00020,vendor_0128,1,6,False
4507000260_00030,vendor_0128,1,6,False
4507000260_00040,vendor_0128,1,6,False
4507000260_00050,vendor_0128,1,6,False
4507000260_00060,vendor_0128,1,6,False
4507000261_00010,vendor_0129,1,6,False
4507000262_00010,vendor_0130,1,6,False
4507000263_00010,vendor_0131,1,12,False
4507000264_00010,vendor_0132,1,5,False
4507000264_00020,vendor_0132,1,5,False
4507000264_00030,vendor_0132,1,5,False
4507000264_00040,vendor_0132,1,5,False
4507000264_00050,vendor_0132,1,5,False
4507000264_00060,vendor_0132,1,5,False
4507000264_00070,vendor_0132,1,5,False
4507000264_00080,vendor_0132,1,5,False
4507000264_00090,vendor_0132,1,5,False
4507000264_00100,vendor_0132,1,5,False
4507000264_00110,vendor_0132,1,5,False
4507000264_00120,vendor_0132,1,5,False
4507000264_00130,vendor_0132,1,5,False
4507000264_00140,vendor_0132,1,5,False
4507000264_00150,vendor_0132,1,5,False
4507000265_00010,vendor_0133,1,2,False
4507000265_00020,vendor_0133,1,2,False
4507000266_00010,vendor_0103,1,6,False
4507000267_00020,vendor_0103,1,6,False
4507000267_00030,vendor_0103,1,6,False
4507000268_00010,vendor_0105,1,6,False
4507000268_00020,vendor_0105,1,6,False
4507000269_00010,vendor_0134,1,6,False
4507000269_00020,vendor_0134,1,5,False
4507000269_00030,vendor_0134,1,5,False
4507000269_00040,vendor_0134,1,5,False
4507000269_00050,vendor_0134,1,5,False
4507000270_00010,vendor_0135,1,5,False
4507000270_00020,vendor_0135,1,5,False
4507000270_00030,vendor_0135,1,5,False
4507000270_00040,vendor_0135,1,5,False
4507000270_00050,vendor_0135,1,5,False
4507000270_00060,vendor_0135,1,5,False
4507000270_00070,vendor_0135,1,5,False
4507000270_00080,vendor_0135,1,5,False
4507000270_00090,vendor_0135,1,5,False
4507000270_00100,vendor_0135,1,5,False
4507000270_00110,vendor_0135,1,5,False
4507000270_00120,vendor_0135,1,5,False
4507000270_00130,vendor_0135,1,5,False
4507000270_00140,vendor_0135,1,5,False
4507000271_00010,vendor_0119,1,5,False
4507000271_00020,vendor_0119,1,5,False
4507000271_00030,vendor_0119,1,5,False
4507000271_00040,vendor_0119,1,5,False
4507000271_00050,vendor_0119,1,5,False
4507000271_00060,vendor_0119,1,5,False
4507000271_00070,vendor_0119,1,5,False
4507000271_00080,vendor_0119,1,5,False
4507000271_00090,vendor_0119,1,5,False
4507000271_00100,vendor_0119,1,5,False
4507000272_00010,vendor_0136,1,5,False
4507000272_00020,vendor_0136,1,5,False
4507000272_00030,vendor_0136,1,5,False
4507000272_00040,vendor_0136,1,5,False
4507000272_00050,vendor_0136,1,5,False
4507000273_00010,vendor_0137,1,6,False
4507000273_00020,vendor_0137,1,6,False
4507000274_00010,vendor_0138,1,5,False
4507000275_00010,vendor_0139,1,5,False
4507000276_00010,vendor_0140,1,5,False
4507000277_00010,vendor_0106,1,6,False
4507000277_00020,vendor_0106,1,6,False
4507000277_00030,vendor_0106,1,6,False
4507000277_00040,vendor_0106,1,6,False
4507000278_00010,vendor_0141,1,5,False
4507000278_00020,vendor_0141,1,5,False
4507000278_00030,vendor_0141,1,5,False
4507000278_00040,vendor_0141,1,5,False
4507000279_00010,vendor_0142,1,6,False
4507000279_00020,vendor_0142,1,6,False
4507000279_00030,vendor_0142,1,6,False
4507000279_00040,vendor_0142,1,6,False
4507000279_00050,vendor_0142,1,6,False
4507000279_00060,vendor_0142,1,6,False
4507000279_00070,vendor_0142,1,6,False
4507000279_00080,vendor_0142,1,6,False
4507000279_00090,vendor_0142,1,6,False
4507000279_00100,vendor_0142,1,6,False
4507000279_00110,vendor_0142,1,6,False
4507000280_00010,vendor_0104,1,3,False
4507000280_00020,vendor_0104,1,6,False
4507000280_00030,vendor_0104,1,6,False
4507000280_00040,vendor_0104,1,6,False
4507000280_00050,vendor_0104,1,7,False
4507000281_00010,vendor_0143,1,9,False
4507000281_00020,vendor_0143,1,8,False
4507000282_00010,vendor_0144,1,5,False
4507000282_00020,vendor_0144,1,5,False
4507000282_00030,vendor_0144,1,5,False
4507000282_00040,vendor_0144,1,5,False
4507000282_00050,vendor_0144,1,5,False
4507000282_00060,vendor_0144,1,5,False
4507000282_00070,vendor_0144,1,5,False
4507000283_00010,vendor_0143,1,2,False
4507000284_00010,vendor_0143,1,2,False
4507000285_00010,vendor_0145,1,6,False
4507000286_00010,vendor_0145,1,6,False
4507000287_00010,vendor_0146,1,6,False
4507000287_00020,vendor_0146,1,6,False
4507000288_00010,vendor_0147,1,5,False
4507000289_00010,vendor_0147,1,5,False
4507000290_00010,vendor_0147,1,3,False
4507000291_00010,vendor_0147,1,3,False
4507000292_00010,vendor_0148,1,5,False
4507000292_00020,vendor_0148,1,5,False
4507000292_00030,vendor_0148,1,6,False
4507000292_00040,vendor_0148,1,6,False
4507000292_00050,vendor_0148,1,5,False
4507000292_00060,vendor_0148,1,5,False
4507000292_00070,vendor_0148,1,5,False
4507000292_00080,vendor_0148,1,5,False
4507000292_00090,vendor_0148,1,5,False
4507000292_00100,vendor_0148,1,5,False
4507000293_00010,vendor_0149,1,6,False
4507000293_00020,vendor_0149,1,6,False
4507000294_00010,vendor_0124,1,7,False
4507000294_00020,vendor_0124,1,7,False
4507000294_00030,vendor_0124,1,7,False
4507000294_00040,vendor_0124,1,6,False
4507000294_00050,vendor_0124,1,6,False
4507000294_00060,vendor_0124,1,6,False
4507000294_00070,vendor_0124,1,2,False
4507000294_00080,vendor_0124,1,6,False
4507000294_00090,vendor_0124,1,6,False
4507000295_00010,vendor_0150,1,5,False
4507000296_00010,vendor_0151,1,5,False
4507000297_00010,vendor_0151,1,5,False
4507000298_00010,vendor_0149,1,6,False
4507000299_00010,vendor_0149,1,6,False
4507000300_00010,vendor_0149,1,6,False
4507000301_00010,vendor_0124,1,5,False
4507000302_00010,vendor_0149,1,6,False
4507000303_00010,vendor_0149,1,7,False
4507000304_00010,vendor_0149,1,6,False
4507000305_00010,vendor_0149,1,6,False
4507000306_00010,vendor_0149,1,6,False
4507000307_00010,vendor_0149,1,6,False
4507000308_00010,vendor_0152,1,6,False
4507000308_00020,vendor_0152,1,5,False
4507000309_00010,vendor_0149,1,6,False
4507000310_00010,vendor_0149,1,6,False
4507000311_00010,vendor_0149,1,6,False
4507000312_00010,vendor_0149,1,6,False
4507000313_00010,vendor_0149,1,6,False
4507000314_00010,vendor_0149,1,6,False
4507000315_00010,vendor_0149,1,6,False
4507000316_00010,vendor_0149,1,6,False
4507000317_00010,vendor_0149,1,7,False
4507000318_00010,vendor_0153,1,8,False
4507000319_00010,vendor_0149,1,6,False
4507000320_00010,vendor_0149,1,6,False
4507000321_00010,vendor_0154,1,5,False
4507000321_00020,vendor_0154,1,5,False
4507000322_00010,vendor_0155,1,9,False
4507000322_00020,vendor_0155,1,21,False
4507000322_00030,vendor_0155,1,18,False
4507000322_00040,vendor_0155,1,12,False
4507000322_00050,vendor_0155,1,6,False
4507000322_00060,vendor_0155,1,18,False
4507000322_00070,vendor_0155,1,6,False
4507000322_00080,vendor_0155,1,18,False
4507000322_00090,vendor_0155,1,21,False
4507000322_00100,vendor_0155,1,22,False
4507000322_00110,vendor_0155,1,10,False
4507000322_00120,vendor_0155,1,23,False
4507000322_00130,vendor_0155,1,18,False
4507000322_00140,vendor_0155,1,13,False
4507000322_00150,vendor_0155,1,7,False
4507000322_00160,vendor_0155,1,22,False
4507000322_00170,vendor_0155,1,10,False
4507000322_00180,vendor_0155,1,10,False
4507000322_00190,vendor_0155,1,7,False
4507000322_00200,vendor_0155,1,13,False
4507000322_00210,vendor_0155,1,9,False
4507000322_00220,vendor_0155,1,21,False
4507000322_00230,vendor_0155,1,10,False
4507000322_00240,vendor_0155,1,14,False
4507000322_00250,vendor_0155,1,6,False
4507000322_00260,vendor_0155,1,6,False
4507000323_00010,vendor_0156,1,5,False
4507000323_00020,vendor_0156,1,5,False
4507000323_00030,vendor_0156,1,5,False
4507000323_00040,vendor_0156,1,5,False
4507000323_00050,vendor_0156,1,5,False
4507000324_00010,vendor_0157,1,3,False
4507000325_00010,vendor_0158,1,6,False
4507000325_00020,vendor_0158,1,13,False
4507000325_00030,vendor_0158,1,6,False
4507000325_00040,vendor_0158,1,6,False
4507000325_00050,vendor_0158,1,19,False
4507000325_00060,vendor_0158,1,16,False
4507000326_00010,vendor_0157,1,3,False
4507000327_00010,vendor_0157,1,3,False
4507000328_00010,vendor_0159,1,7,False
4507000329_00010,vendor_0157,1,3,False
4507000330_00010,vendor_0157,1,3,False
4507000331_00010,vendor_0157,1,3,False
4507000332_00010,vendor_0157,1,3,False
4507000333_00010,vendor_0157,1,3,False
4507000334_00010,vendor_0157,1,3,False
4507000335_00010,vendor_0160,1,5,False
4507000335_00020,vendor_0160,1,8,False
4507000335_00030,vendor_0160,1,5,False
4507000335_00040,vendor_0160,1,5,False
4507000335_00050,vendor_0160,1,5,False
4507000335_00060,vendor_0160,1,5,False
4507000336_00010,vendor_0161,1,3,False
4507000336_00020,vendor_0161,1,7,False
4507000337_00010,vendor_0151,1,5,False
4507000338_00010,vendor_0162,1,5,False
4507000338_00020,vendor_0162,1,2,False
4507000339_00010,vendor_0163,1,5,False
4507000339_00020,vendor_0163,1,5,False
4507000339_00030,vendor_0163,1,5,False
4507000339_00040,vendor_0163,1,5,False
4507000339_00050,vendor_0163,1,5,False
4507000339_00060,vendor_0163,1,5,False
4507000339_00070,vendor_0163,1,5,False
4507000339_00080,vendor_0163,1,6,False
4507000339_00090,vendor_0163,1,5,False
4507000339_00100,vendor_0163,1,5,False
4507000339_00110,vendor_0163,1,5,False
4507000339_00120,vendor_0163,1,5,False
4507000340_00010,vendor_0164,1,5,False
4507000341_00010,vendor_0165,1,6,False
4507000341_00020,vendor_0165,1,13,False
4507000341_00030,vendor_0165,1,6,False
4507000341_00040,vendor_0165,1,5,False
4507000341_00050,vendor_0165,1,7,False
4507000342_00010,vendor_0149,1,7,False
4507000343_00010,vendor_0149,1,6,False
4507000344_00010,vendor_0149,1,7,False
4507000345_00010,vendor_0149,1,7,False
4507000346_00010,vendor_0149,1,8,False
4507000347_00010,vendor_0149,1,7,False
4507000348_00010,vendor_0149,1,6,False
4507000349_00010,vendor_0149,1,6,False
4507000350_00010,vendor_0166,1,5,False
4507000351_00010,vendor_0149,1,7,False
4507000352_00010,vendor_0149,1,6,False
4507000353_00010,vendor_0167,1,6,False
4507000354_00010,vendor_0149,1,7,False
4507000355_00010,vendor_0168,1,5,False
4507000355_00020,vendor_0168,1,6,False
4507000355_00030,vendor_0168,1,5,False
4507000355_00040,vendor_0168,1,5,False
4507000355_00050,vendor_0168,1,5,False
4507000356_00010,vendor_0157,1,6,False
4507000357_00010,vendor_0157,1,8,False
4507000358_00010,vendor_0169,1,6,False
4507000358_00020,vendor_0169,1,3,False
4507000358_00030,vendor_0169,1,5,False
4507000359_00010,vendor_0170,1,6,False
4507000359_00020,vendor_0170,1,6,False
4507000359_00030,vendor_0170,1,6,False
4507000360_00010,vendor_0140,1,6,False
4507000361_00010,vendor_0170,1,6,False
4507000361_00020,vendor_0170,1,6,False
4507000361_00030,vendor_0170,1,6,False
4507000361_00040,vendor_0170,1,5,False
4507000361_00050,vendor_0170,1,6,False
4507000361_00060,vendor_0170,1,6,False
4507000361_00070,vendor_0170,1,6,False
4507000362_00010,vendor_0171,1,5,False
4507000363_00010,vendor_0172,1,2,False
4507000364_00010,vendor_0172,1,2,False
4507000365_00010,vendor_0173,1,6,False
4507000366_00010,vendor_0174,1,5,False
4507000366_00020,vendor_0174,1,5,False
4507000367_00010,vendor_0175,1,6,False
4507000367_00020,vendor_0175,1,6,False
4507000368_00010,vendor_0176,1,6,False
4507000368_00020,vendor_0176,1,6,False
4507000368_00030,vendor_0176,1,6,False
4507000368_00040,vendor_0176,1,6,False
4507000368_00050,vendor_0176,1,5,False
4507000368_00070,vendor_0176,1,5,False
4507000368_00080,vendor_0176,1,5,False
4507000368_00090,vendor_0176,1,5,False
4507000369_00010,vendor_0165,1,10,False
4507000369_00020,vendor_0165,1,12,False
4507000370_00010,vendor_0176,1,5,False
4507000370_00020,vendor_0176,1,6,False
4507000370_00030,vendor_0176,1,6,False
4507000370_00040,vendor_0176,1,6,False
4507000370_00050,vendor_0176,1,6,False
4507000371_00010,vendor_0177,1,5,False
4507000371_00020,vendor_0177,1,5,False
4507000371_00030,vendor_0177,1,5,False
4507000371_00040,vendor_0177,1,5,False
4507000371_00050,vendor_0177,1,5,False
4507000371_00060,vendor_0177,1,5,False
4507000371_00070,vendor_0177,1,5,False
4507000371_00080,vendor_0177,1,5,False
4507000371_00090,vendor_0177,1,3,False
4507000371_00100,vendor_0177,1,3,False
4507000372_00010,vendor_0104,1,6,False
4507000373_00010,vendor_0178,1,6,False
4507000373_00020,vendor_0178,1,2,False
4507000373_00030,vendor_0178,1,5,False
4507000374_00010,vendor_0177,1,5,False
4507000374_00020,vendor_0177,1,5,False
4507000374_00030,vendor_0177,1,5,False
4507000374_00040,vendor_0177,1,5,False
4507000374_00050,vendor_0177,1,5,False
4507000374_00060,vendor_0177,1,5,False
4507000374_00070,vendor_0177,1,5,False
4507000374_00080,vendor_0177,1,5,False
4507000374_00090,vendor_0177,1,5,False
4507000374_00100,vendor_0177,1,5,False
4507000374_00110,vendor_0177,1,5,False
4507000374_00120,vendor_0177,1,3,False
4507000375_00010,vendor_0179,1,5,False
4507000375_00020,vendor_0179,1,6,False
4507000375_00030,vendor_0179,1,6,False
4507000376_00010,vendor_0179,1,6,False
4507000376_00020,vendor_0179,1,5,False
4507000376_00030,vendor_0179,1,5,False
4507000377_00010,vendor_0180,1,6,False
4507000377_00020,vendor_0180,1,6,False
4507000377_00030,vendor_0180,1,8,False
4507000377_00040,vendor_0180,1,9,False
4507000377_00050,vendor_0180,1,8,False
4507000378_00010,vendor_0181,1,6,False
4507000379_00010,vendor_0164,1,8,False
4507000380_00010,vendor_0164,1,12,False
4507000381_00010,vendor_0164,1,8,False
4507000382_00010,vendor_0164,1,8,False
4507000383_00010,vendor_0164,1,9,False
4507000384_00010,vendor_0164,1,8,False
4507000385_00010,vendor_0164,1,8,False
4507000386_00010,vendor_0164,1,8,False
4507000387_00010,vendor_0182,1,30,False
4507000388_00010,vendor_0164,1,8,False
4507000389_00010,vendor_0183,1,6,False
4507000390_00010,vendor_0184,1,6,False
4507000390_00020,vendor_0184,1,5,False
4507000391_00010,vendor_0160,1,9,False
4507000391_00020,vendor_0160,1,5,False
4507000392_00010,vendor_0185,1,2,False
4507000393_00010,vendor_0185,1,2,False
4507000394_00010,vendor_0160,1,5,False
4507000395_00010,vendor_0186,1,6,False
4507000396_00010,vendor_0182,1,11,False
4507000397_00010,vendor_0186,1,5,False
4507000398_00010,vendor_0187,1,3,False
4507000399_00010,vendor_0124,1,5,False
4507000399_00020,vendor_0124,1,5,False
4507000399_00030,vendor_0124,1,5,False
4507000399_00040,vendor_0124,1,5,False
4507000400_00010,vendor_0111,1,6,False
4507000400_00020,vendor_0111,1,14,False
4507000400_00030,vendor_0111,1,6,False
4507000400_00040,vendor_0111,1,6,False
4507000400_00050,vendor_0111,1,10,False
4507000400_00060,vendor_0111,1,6,False
4507000400_00070,vendor_0111,1,14,False
4507000400_00080,vendor_0111,1,14,False
4507000400_00090,vendor_0111,1,6,False
4507000400_00100,vendor_0111,1,5,False
4507000400_00110,vendor_0111,1,5,False
4507000401_00010,vendor_0140,1,6,False
4507000402_00010,vendor_0188,1,3,False
4507000402_00020,vendor_0188,1,2,False
4507000403_00010,vendor_0189,1,6,False
4507000403_00020,vendor_0189,1,7,False
4507000403_00030,vendor_0189,1,7,False
4507000403_00040,vendor_0189,1,6,False
4507000404_00010,vendor_0157,1,10,False
4507000405_00010,vendor_0157,1,8,False
4507000406_00010,vendor_0190,1,10,False
4507000407_00010,vendor_0157,1,7,False
4507000408_00010,vendor_0157,1,7,False
4507000409_00010,vendor_0190,1,7,False
4507000410_00010,vendor_0157,1,8,False
4507000411_00010,vendor_0191,1,2,False
4507000412_00010,vendor_0119,1,5,False
4507000412_00020,vendor_0119,1,5,False
4507000412_00030,vendor_0119,1,5,False
4507000412_00040,vendor_0119,1,5,False
4507000412_00050,vendor_0119,1,5,False
4507000412_00060,vendor_0119,1,5,False
4507000412_00070,vendor_0119,1,5,False
4507000412_00080,vendor_0119,1,5,False
4507000413_00010,vendor_0119,1,5,False
4507000413_00020,vendor_0119,1,5,False
4507000413_00030,vendor_0119,1,5,False
4507000414_00010,vendor_0192,1,6,False
4507000414_00020,vendor_0192,1,6,False
4507000414_00030,vendor_0192,1,7,False
4507000415_00010,vendor_0113,1,6,False
4507000416_00010,vendor_0164,1,5,False
4507000417_00010,vendor_0181,1,6,False
4507000418_00010,vendor_0181,1,7,False
4507000419_00010,vendor_0193,1,5,False
4507000419_00020,vendor_0193,1,8,False
4507000419_00030,vendor_0193,1,3,False
4507000419_00040,vendor_0193,1,5,False
4507000419_00050,vendor_0193,1,5,False
4507000419_00060,vendor_0193,1,5,False
4507000419_00070,vendor_0193,1,5,False
4507000419_00080,vendor_0193,1,5,False
4507000419_00090,vendor_0193,1,5,False
4507000420_00010,vendor_0193,1,5,False
4507000420_00020,vendor_0193,1,6,False
4507000420_00030,vendor_0193,1,5,False
4507000421_00010,vendor_0181,1,8,False
4507000422_00010,vendor_0181,1,8,False
4507000423_00010,vendor_0194,1,5,False
4507000424_00010,vendor_0195,1,5,False
4507000424_00020,vendor_0195,1,5,False
4507000425_00010,vendor_0181,1,6,False
4507000426_00010,vendor_0196,1,7,False
4507000427_00010,vendor_0173,1,7,False
4507000428_00010,vendor_0197,1,7,False
4507000428_00020,vendor_0197,1,9,False
4507000428_00030,vendor_0197,1,7,False
4507000429_00010,vendor_0106,1,6,False
4507000430_00010,vendor_0198,1,245,False
4507000430_00020,vendor_0198,1,116,False
4507000430_00030,vendor_0198,1,18,False
4507000431_00010,vendor_0042,1,2,False
4507000432_00010,vendor_0199,1,7,False
4507000432_00020,vendor_0199,1,6,False
4507000433_00010,vendor_0169,1,5,False
4507000434_00010,vendor_0200,1,8,False
4507000435_00010,vendor_0113,1,2,False
4507000436_00010,vendor_0201,1,513,False
4507000437_00010,vendor_0123,1,5,False
4507000437_00020,vendor_0123,1,5,False
4507000437_00030,vendor_0123,1,5,False
4507000437_00040,vendor_0123,1,5,False
4507000438_00010,vendor_0187,1,6,False
4507000439_00010,vendor_0202,1,5,False
4507000439_00020,vendor_0202,1,5,False
4507000439_00030,vendor_0202,1,5,False
4507000440_00010,vendor_0203,1,923,False
4507000441_00010,vendor_0185,1,2,False
4507000442_00010,vendor_0204,1,7,False
4507000443_00010,vendor_0180,1,5,False
4507000444_00010,vendor_0205,1,82,False
4507000445_00010,vendor_0206,1,258,False
4507000446_00010,vendor_0207,1,2,False
4507000447_00010,vendor_0208,1,7,False
4507000447_00020,vendor_0208,1,2,False
4507000447_00030,vendor_0208,1,7,False
4507000448_00010,vendor_0207,1,2,False
4507000449_00010,vendor_0209,1,293,False
4507000449_00020,vendor_0209,1,32,False
4507000449_00030,vendor_0209,1,151,False
4507000449_00040,vendor_0209,1,151,False
4507000449_00050,vendor_0209,1,106,False
4507000449_00060,vendor_0209,1,500,False
4507000449_00070,vendor_0209,1,153,False
4507000449_00080,vendor_0209,1,7,False
4507000449_00090,vendor_0209,1,57,False
4507000450_00010,vendor_0210,1,2,False
4507000451_00010,vendor_0211,1,12,False
4507000451_00020,vendor_0211,1,30,False
4507000452_00010,vendor_0212,1,6,False
4507000453_00010,vendor_0213,1,6,False
4507000454_00010,vendor_0214,1,196,False
4507000455_00010,vendor_0215,1,99,False
4507000456_00010,vendor_0216,1,5,False
4507000457_00010,vendor_0217,1,3,False
4507000458_00010,vendor_0218,1,5,False
4507000458_00020,vendor_0218,1,5,False
4507000458_00030,vendor_0218,1,5,False
4507000459_00010,vendor_0143,1,6,False
4507000460_00010,vendor_0219,1,6,False
4507000460_00020,vendor_0219,1,6,False
4507000460_00030,vendor_0219,1,6,False
4507000461_00010,vendor_0219,1,6,False
4507000461_00020,vendor_0219,1,5,False
4507000461_00030,vendor_0219,1,6,False
4507000462_00010,vendor_0220,1,5,False
4507000463_00010,vendor_0135,1,6,False
4507000463_00020,vendor_0135,1,6,False
4507000463_00030,vendor_0135,1,6,False
4507000463_00040,vendor_0135,1,6,False
4507000463_00050,vendor_0135,1,5,False
4507000463_00060,vendor_0135,1,5,False
4507000463_00070,vendor_0135,1,6,False
4507000463_00080,vendor_0135,1,6,False
4507000463_00090,vendor_0135,1,6,False
4507000463_00100,vendor_0135,1,6,False
4507000463_00110,vendor_0135,1,6,False
4507000463_00120,vendor_0135,1,6,False
4507000463_00130,vendor_0135,1,6,False
4507000463_00140,vendor_0135,1,6,False
4507000463_00150,vendor_0135,1,6,False
4507000463_00160,vendor_0135,1,6,False
4507000463_00170,vendor_0135,1,6,False
4507000463_00180,vendor_0135,1,5,False
4507000463_00190,vendor_0135,1,5,False
4507000463_00200,vendor_0135,1,6,False
4507000463_00210,vendor_0135,1,6,False
4507000463_00220,vendor_0135,1,6,False
4507000463_00230,vendor_0135,1,6,False
4507000463_00240,vendor_0135,1,6,False
4507000463_00250,vendor_0135,1,6,False
4507000463_00260,vendor_0135,1,6,False
4507000463_00270,vendor_0135,1,5,False
4507000463_00280,vendor_0135,1,6,False
4507000463_00290,vendor_0135,1,6,False
4507000463_00300,vendor_0135,1,6,False
4507000463_00310,vendor_0135,1,6,False
4507000463_00320,vendor_0135,1,6,False
4507000463_00330,vendor_0135,1,5,False
4507000463_00340,vendor_0135,1,6,False
4507000463_00350,vendor_0135,1,6,False
4507000463_00360,vendor_0135,1,5,False
4507000464_00010,vendor_0221,1,2,False
4507000464_00020,vendor_0221,1,2,False
4507000465_00010,vendor_0222,1,5,False
4507000466_00010,vendor_0223,1,6,False
4507000467_00010,vendor_0224,1,9,False
4507000468_00010,vendor_0106,1,6,False
4507000469_00001,vendor_0225,1,73,False
4507000470_00001,vendor_0226,1,16,False
4507000471_00001,vendor_0227,1,10,False
4507000472_00001,vendor_0228,1,12,False
4507000473_00001,vendor_0229,1,116,False
4507000474_00001,vendor_0230,1,8,False
4507000475_00010,vendor_0104,1,6,False
4507000476_00010,vendor_0104,1,6,False
4507000477_00010,vendor_0103,1,6,False
4507000477_00020,vendor_0103,1,6,False
4507000477_00030,vendor_0103,1,6,False
4507000477_00040,vendor_0103,1,7,False
4507000477_00050,vendor_0103,1,6,False
4507000477_00060,vendor_0103,1,6,False
4507000477_00070,vendor_0103,1,6,False
4507000477_00080,vendor_0103,1,6,False
4507000477_00090,vendor_0103,1,6,False
4507000477_00100,vendor_0103,1,6,False
4507000477_00110,vendor_0103,1,6,False
4507000478_00010,vendor_0105,1,6,False
4507000478_00020,vendor_0105,1,6,False
4507000479_00010,vendor_0106,1,2,False
4507000479_00020,vendor_0106,1,5,False
4507000479_00030,vendor_0106,1,5,False
4507000479_00040,vendor_0106,1,5,False
4507000479_00050,vendor_0106,1,5,False
4507000479_00060,vendor_0106,1,5,False
4507000479_00070,vendor_0106,1,5,False
4507000479_00080,vendor_0106,1,5,False
4507000480_00010,vendor_0104,1,6,False
4507000480_00020,vendor_0104,1,6,False
4507000480_00030,vendor_0104,1,6,False
4507000480_00040,vendor_0104,1,6,False
4507000480_00050,vendor_0104,1,6,False
4507000480_00060,vendor_0104,1,6,False
4507000480_00070,vendor_0104,1,6,False
4507000480_00080,vendor_0104,1,5,False
4507000480_00090,vendor_0104,1,6,False
4507000481_00010,vendor_0231,1,7,False
4507000481_00020,vendor_0231,1,5,False
4507000481_00030,vendor_0231,1,5,False
4507000481_00040,vendor_0231,1,6,False
4507000481_00050,vendor_0231,1,5,False
4507000482_00010,vendor_0232,1,7,False
4507000482_00020,vendor_0232,1,6,False
4507000482_00030,vendor_0232,1,6,False
4507000482_00040,vendor_0232,1,6,False
4507000482_00050,vendor_0232,1,5,False
4507000482_00060,vendor_0232,1,2,False
4507000482_00070,vendor_0232,1,11,False
4507000482_00080,vendor_0232,1,6,False
4507000482_00090,vendor_0232,1,6,False
4507000482_00100,vendor_0232,1,6,False
4507000482_00110,vendor_0232,1,6,False
4507000482_00120,vendor_0232,1,3,False
4507000483_00010,vendor_0233,1,5,False
4507000483_00020,vendor_0233,1,5,False
4507000483_00030,vendor_0233,1,5,False
4507000484_00010,vendor_0234,1,6,False
4507000485_00010,vendor_0108,1,5,False
4507000485_00020,vendor_0108,1,5,False
4507000485_00030,vendor_0108,1,5,False
4507000485_00040,vendor_0108,1,5,False
4507000485_00050,vendor_0108,1,5,False
4507000485_00060,vendor_0108,1,5,False
4507000485_00070,vendor_0108,1,5,False
4507000485_00080,vendor_0108,1,5,False
4507000485_00090,vendor_0108,1,5,False
4507000485_00100,vendor_0108,1,5,False
4507000485_00110,vendor_0108,1,5,False
4507000485_00120,vendor_0108,1,5,False
4507000485_00130,vendor_0108,1,5,False
4507000485_00140,vendor_0108,1,5,False
4507000485_00150,vendor_0108,1,5,False
4507000485_00160,vendor_0108,1,5,False
4507000485_00170,vendor_0108,1,5,False
4507000485_00180,vendor_0108,1,5,False
4507000485_00190,vendor_0108,1,5,False
4507000485_00200,vendor_0108,1,5,False
4507000485_00210,vendor_0108,1,5,False
4507000485_00220,vendor_0108,1,5,False
4507000485_00230,vendor_0108,1,5,False
4507000485_00240,vendor_0108,1,5,False
4507000485_00250,vendor_0108,1,5,False
4507000485_00260,vendor_0108,1,5,False
4507000485_00270,vendor_0108,1,5,False
4507000486_00010,vendor_0235,1,5,False
4507000487_00010,vendor_0236,1,5,False
4507000488_00010,vendor_0237,1,5,False
4507000488_00020,vendor_0237,1,5,False
4507000488_00030,vendor_0237,1,5,False
4507000488_00040,vendor_0237,1,5,False
4507000488_00050,vendor_0237,1,5,False
4507000488_00060,vendor_0237,1,5,False
4507000488_00070,vendor_0237,1,5,False
4507000488_00080,vendor_0237,1,5,False
4507000488_00090,vendor_0237,1,5,False
4507000488_00100,vendor_0237,1,5,False
4507000488_00110,vendor_0237,1,5,False
4507000489_00001,vendor_0119,1,8,False
4507000490_00001,vendor_0119,1,6,False
4507000491_00001,vendor_0119,1,6,False
4507000492_00001,vendor_0119,1,6,False
4507000493_00001,vendor_0119,1,6,False
4507000494_00001,vendor_0119,1,6,False
4507000495_00001,vendor_0119,1,6,False
4507000496_00001,vendor_0119,1,6,False
4507000497_00001,vendor_0119,1,6,False
4507000498_00001,vendor_0119,1,6,False
4507000499_00001,vendor_0119,1,6,False
4507000500_00001,vendor_0119,1,6,False
4507000501_00001,vendor_0119,1,6,False
4507000502_00001,vendor_0119,1,6,False
4507000503_00001,vendor_0119,1,6,False
4507000504_00001,vendor_0119,1,6,False
4507000505_00001,vendor_0119,1,6,False
4507000506_00001,vendor_0119,1,6,False
4507000507_00001,vendor_0119,1,6,False
4507000508_00001,vendor_0119,1,6,False
4507000509_00001,vendor_0119,1,6,False
4507000510_00001,vendor_0119,1,6,False
4507000511_00001,vendor_0119,1,6,False
4507000512_00001,vendor_0119,1,6,False
4507000513_00001,vendor_0119,1,6,False
4507000514_00001,vendor_0119,1,6,False
4507000515_00001,vendor_0119,1,6,False
4507000516_00001,vendor_0119,1,6,False
4507000517_00001,vendor_0119,1,6,False
4507000518_00001,vendor_0119,1,6,False
4507000519_00001,vendor_0119,1,6,False
4507000520_00001,vendor_0119,1,6,False
4507000521_00001,vendor_0119,1,6,False
4507000522_00001,vendor_0119,1,6,False
4507000523_00001,vendor_0119,1,6,False
4507000524_00010,vendor_0110,1,6,False
4507000524_00020,vendor_0110,1,7,False
4507000524_00030,vendor_0110,1,6,False
4507000524_00040,vendor_0110,1,6,False
4507000524_00050,vendor_0110,1,6,False
4507000524_00060,vendor_0110,1,12,False
4507000524_00070,vendor_0110,1,6,False
4507000524_00080,vendor_0110,1,6,False
4507000524_00090,vendor_0110,1,12,False
4507000524_00100,vendor_0110,1,6,False
4507000524_00110,vendor_0110,1,6,False
4507000524_00120,vendor_0110,1,6,False
4507000524_00130,vendor_0110,1,6,False
4507000524_00140,vendor_0110,1,6,False
4507000524_00150,vendor_0110,1,6,False
4507000524_00160,vendor_0110,1,6,False
4507000524_00170,vendor_0110,1,6,False
4507000524_00180,vendor_0110,1,6,False
4507000524_00190,vendor_0110,1,6,False
4507000524_00200,vendor_0110,1,6,False
4507000524_00210,vendor_0110,1,6,False
4507000524_00220,vendor_0110,1,6,False
4507000524_00230,vendor_0110,1,6,False
4507000524_00240,vendor_0110,1,6,False
4507000524_00250,vendor_0110,1,6,False
4507000524_00260,vendor_0110,1,12,False
4507000524_00270,vendor_0110,1,5,False
4507000525_00010,vendor_0238,1,5,False
4507000525_00020,vendor_0238,1,5,False
4507000525_00030,vendor_0238,1,5,False
4507000525_00040,vendor_0238,1,5,False
4507000526_00010,vendor_0239,1,10,False
4507000527_00010,vendor_0112,1,6,False
4507000527_00020,vendor_0112,1,6,False
4507000527_00030,vendor_0112,1,6,False
4507000528_00001,vendor_0119,1,6,False
4507000529_00001,vendor_0119,1,6,False
4507000530_00010,vendor_0240,1,6,False
4507000530_00020,vendor_0240,1,6,False
4507000530_00030,vendor_0240,1,6,False
4507000530_00040,vendor_0240,1,6,False
4507000530_00050,vendor_0240,1,6,False
4507000530_00060,vendor_0240,1,6,False
4507000530_00070,vendor_0240,1,6,False
4507000530_00080,vendor_0240,1,6,False
4507000530_00090,vendor_0240,1,6,False
4507000530_00100,vendor_0240,1,6,False
4507000530_00110,vendor_0240,1,10,False
4507000530_00120,vendor_0240,1,6,False
4507000531_00010,vendor_0241,1,5,False
4507000531_00020,vendor_0241,1,5,False
4507000531_00030,vendor_0241,1,5,False
4507000531_00040,vendor_0241,1,5,False
4507000531_00050,vendor_0241,1,5,False
4507000531_00060,vendor_0241,1,5,False
4507000531_00070,vendor_0241,1,5,False
4507000531_00080,vendor_0241,1,5,False
4507000531_00090,vendor_0241,1,5,False
4507000531_00100,vendor_0241,1,5,False
4507000531_00110,vendor_0241,1,5,False
4507000532_00010,vendor_0242,1,6,False
4507000532_00020,vendor_0242,1,6,False
4507000532_00030,vendor_0242,1,6,False
4507000532_00040,vendor_0242,1,6,False
4507000532_00050,vendor_0242,1,6,False
4507000532_00060,vendor_0242,1,6,False
4507000533_00010,vendor_0243,1,2,False
4507000534_00010,vendor_0188,1,8,False
4507000535_00010,vendor_0244,1,8,False
4507000536_00010,vendor_0062,1,5,False
4507000536_00020,vendor_0062,1,5,False
4507000537_00010,vendor_0245,1,2,False
4507000538_00010,vendor_0213,1,9,False
4507000539_00010,vendor_0246,1,2,False
4507000540_00010,vendor_0247,1,5,False
4507000541_00010,vendor_0248,1,5,False
4507000542_00010,vendor_0249,1,3,False
4507000542_00020,vendor_0249,1,4,False
4507000542_00030,vendor_0249,1,4,False
4507000543_00010,vendor_0250,1,6,False
4507000544_00010,vendor_0251,1,6,False
4507000545_00010,vendor_0199,1,7,False
4507000546_00010,vendor_0172,1,6,False
4507000547_00010,vendor_0172,1,2,False
4507000548_00010,vendor_0252,1,9,False
4507000549_00010,vendor_0253,1,2,False
4507000550_00010,vendor_0253,1,2,False
4507000551_00010,vendor_0253,1,2,False
4507000552_00010,vendor_0253,1,3,False
4507000553_00010,vendor_0124,1,5,False
4507000553_00020,vendor_0124,1,6,False
4507000553_00030,vendor_0124,1,6,False
4507000553_00040,vendor_0124,1,6,False
4507000554_00010,vendor_0253,1,3,False
4507000555_00010,vendor_0254,1,5,False
4507000556_00010,vendor_0164,1,6,False
4507000556_00020,vendor_0164,1,6,False
4507000556_00030,vendor_0164,1,5,False
4507000557_00010,vendor_0255,1,10,False
4507000558_00010,vendor_0169,1,7,False
4507000559_00010,vendor_0256,1,6,False
4507000559_00020,vendor_0256,1,5,False
4507000560_00010,vendor_0257,1,5,False
4507000561_00010,vendor_0258,1,253,False
4507000562_00010,vendor_0259,1,5,False
4507000562_00020,vendor_0259,1,8,False
4507000562_00030,vendor_0259,1,5,False
4507000563_00010,vendor_0125,1,4,False
4507000564_00010,vendor_0137,1,5,False
4507000564_00020,vendor_0137,1,5,False
4507000564_00030,vendor_0137,1,5,False
4507000564_00040,vendor_0137,1,5,False
4507000564_00050,vendor_0137,1,5,False
4507000564_00060,vendor_0137,1,5,False
4507000564_00070,vendor_0137,1,5,False
4507000565_00010,vendor_0125,1,2,False
4507000566_00010,vendor_0260,1,7,False
4507000567_00010,vendor_0125,1,2,False
4507000568_00010,vendor_0180,1,6,False
4507000568_00020,vendor_0180,1,5,False
4507000569_00010,vendor_0261,1,6,False
4507000569_00020,vendor_0261,1,6,False
4507000569_00030,vendor_0261,1,10,False
4507000570_00010,vendor_0262,1,6,False
4507000571_00010,vendor_0263,1,6,False
4507000571_00020,vendor_0263,1,11,False
4507000572_00010,vendor_0188,1,5,False
4507000573_00010,vendor_0187,1,2,False
4507000574_00010,vendor_0135,1,5,False
4507000574_00020,vendor_0135,1,5,False
4507000574_00030,vendor_0135,1,5,False
4507000574_00040,vendor_0135,1,5,False
4507000574_00050,vendor_0135,1,5,False
4507000574_00060,vendor_0135,1,5,False
4507000574_00070,vendor_0135,1,5,False
4507000574_00080,vendor_0135,1,5,False
4507000574_00090,vendor_0135,1,5,False
4507000575_00010,vendor_0264,1,5,False
4507000576_00010,vendor_0119,1,5,False
4507000577_00010,vendor_0119,1,5,False
4507000578_00010,vendor_0265,1,5,False
4507000579_00010,vendor_0245,1,2,False
4507000580_00010,vendor_0243,1,6,False
4507000581_00010,vendor_0266,1,5,False
4507000581_00020,vendor_0266,1,5,False
4507000581_00030,vendor_0266,1,6,False
4507000581_00040,vendor_0266,1,6,False
4507000581_00050,vendor_0266,1,5,False
4507000582_00010,vendor_0267,1,5,False
4507000583_00010,vendor_0266,1,5,False
4507000583_00020,vendor_0266,1,8,False
4507000583_00030,vendor_0266,1,5,False
4507000583_00040,vendor_0266,1,6,False
4507000584_00010,vendor_0119,1,5,False
4507000584_00020,vendor_0119,1,5,False
4507000584_00030,vendor_0119,1,5,False
4507000584_00040,vendor_0119,1,5,False
4507000584_00050,vendor_0119,1,5,False
4507000584_00060,vendor_0119,1,5,False
4507000584_00070,vendor_0119,1,5,False
4507000584_00080,vendor_0119,1,5,False
4507000584_00090,vendor_0119,1,5,False
4507000584_00100,vendor_0119,1,6,False
4507000584_00110,vendor_0119,1,5,False
4507000584_00120,vendor_0119,1,5,False
4507000584_00130,vendor_0119,1,5,False
4507000584_00140,vendor_0119,1,5,False
4507000584_00150,vendor_0119,1,9,False
4507000584_00160,vendor_0119,1,5,False
4507000584_00170,vendor_0119,1,5,False
4507000585_00010,vendor_0268,1,6,False
4507000585_00020,vendor_0268,1,6,False
4507000586_00010,vendor_0103,1,6,False
4507000586_00020,vendor_0103,1,6,False
4507000586_00030,vendor_0103,1,6,False
4507000586_00040,vendor_0103,1,6,False
4507000586_00050,vendor_0103,1,6,False
4507000586_00060,vendor_0103,1,6,False
4507000587_00010,vendor_0135,1,5,False
4507000587_00020,vendor_0135,1,5,False
4507000587_00030,vendor_0135,1,5,False
4507000587_00040,vendor_0135,1,5,False
4507000587_00050,vendor_0135,1,5,False
4507000587_00060,vendor_0135,1,5,False
4507000587_00070,vendor_0135,1,5,False
4507000587_00080,vendor_0135,1,5,False
4507000587_00090,vendor_0135,1,5,False
4507000588_00010,vendor_0269,1,6,False
4507000588_00020,vendor_0269,1,6,False
4507000589_00010,vendor_0270,1,6,False
4507000589_00020,vendor_0270,1,6,False
4507000589_00030,vendor_0270,1,6,False
4507000589_00040,vendor_0270,1,6,False
4507000589_00050,vendor_0270,1,6,False
4507000589_00060,vendor_0270,1,6,False
4507000589_00070,vendor_0270,1,6,False
4507000590_00010,vendor_0103,1,6,False
4507000590_00020,vendor_0103,1,6,False
4507000590_00030,vendor_0103,1,6,False
4507000591_00010,vendor_0271,1,6,False
4507000592_00010,vendor_0272,1,6,False
4507000592_00020,vendor_0272,1,7,False
4507000593_00010,vendor_0273,1,6,False
4507000594_00010,vendor_0274,1,3,False
4507000594_00020,vendor_0274,1,3,False
4507000594_00030,vendor_0274,1,3,False
4507000594_00040,vendor_0274,1,3,False
4507000595_00010,vendor_0275,1,5,False
4507000595_00020,vendor_0275,1,5,False
4507000595_00030,vendor_0275,1,6,False
4507000595_00040,vendor_0275,1,5,False
4507000595_00050,vendor_0275,1,6,False
4507000595_00060,vendor_0275,1,9,False
4507000595_00070,vendor_0275,1,7,False
4507000595_00080,vendor_0275,1,5,False
4507000596_00010,vendor_0273,1,6,False
4507000597_00010,vendor_0104,1,6,False
4507000597_00020,vendor_0104,1,6,False
4507000597_00030,vendor_0104,1,9,False
4507000597_00040,vendor_0104,1,6,False
4507000597_00050,vendor_0104,1,6,False
4507000597_00060,vendor_0104,1,6,False
4507000597_00070,vendor_0104,1,6,False
4507000597_00080,vendor_0104,1,6,False
4507000598_00010,vendor_0276,1,5,False
4507000599_00010,vendor_0135,1,5,False
4507000599_00020,vendor_0135,1,5,False
4507000599_00030,vendor_0135,1,5,False
4507000599_00040,vendor_0135,1,5,False
4507000599_00050,vendor_0135,1,5,False
4507000599_00060,vendor_0135,1,5,False
4507000599_00070,vendor_0135,1,5,False
4507000600_00010,vendor_0119,1,5,False
4507000600_00020,vendor_0119,1,5,False
4507000600_00030,vendor_0119,1,5,False
4507000600_00040,vendor_0119,1,5,False
4507000600_00050,vendor_0119,1,5,False
4507000600_00060,vendor_0119,1,5,False
4507000600_00070,vendor_0119,1,5,False
4507000600_00080,vendor_0119,1,5,False
4507000600_00090,vendor_0119,1,5,False
4507000600_00100,vendor_0119,1,5,False
4507000600_00110,vendor_0119,1,5,False
4507000601_00010,vendor_0277,1,6,False
4507000602_00010,vendor_0143,1,6,False
4507000603_00010,vendor_0106,1,6,False
4507000604_00010,vendor_0106,1,5,False
4507000604_00020,vendor_0106,1,5,False
4507000605_00010,vendor_0278,1,5,False
4507000605_00020,vendor_0278,1,3,False
4507000606_00010,vendor_0279,1,5,False
4507000606_00020,vendor_0279,1,6,False
4507000607_00010,vendor_0280,1,7,False
4507000607_00020,vendor_0280,1,9,False
4507000608_00010,vendor_0150,1,5,False
4507000608_00020,vendor_0150,1,5,False
4507000609_00010,vendor_0281,1,8,False
4507000609_00020,vendor_0281,1,7,False
4507000610_00010,vendor_0282,1,5,False
4507000611_00010,vendor_0164,1,11,False
4507000611_00020,vendor_0164,1,3,False
4507000612_00010,vendor_0283,1,6,False
4507000613_00010,vendor_0284,1,6,False
4507000614_00010,vendor_0164,1,6,False
4507000614_00020,vendor_0164,1,5,False
4507000615_00010,vendor_0164,1,5,False
4507000616_00010,vendor_0042,1,3,False
4507000616_00020,vendor_0042,1,2,False
4507000617_00010,vendor_0135,1,5,False
4507000617_00020,vendor_0135,1,5,False
4507000617_00030,vendor_0135,1,5,False
4507000617_00040,vendor_0135,1,5,False
4507000617_00050,vendor_0135,1,5,False
4507000617_00060,vendor_0135,1,5,False
4507000617_00070,vendor_0135,1,5,False
4507000617_00080,vendor_0135,1,5,False
4507000617_00090,vendor_0135,1,5,False
4507000617_00100,vendor_0135,1,5,False
4507000617_00110,vendor_0135,1,5,False
4507000617_00120,vendor_0135,1,5,False
4507000617_00130,vendor_0135,1,5,False
4507000617_00140,vendor_0135,1,5,False
4507000617_00150,vendor_0135,1,5,False
4507000617_00160,vendor_0135,1,5,False
4507000617_00170,vendor_0135,1,5,False
4507000618_00010,vendor_0285,1,6,False
4507000619_00010,vendor_0252,1,2,False
4507000620_00010,vendor_0286,1,7,False
4507000621_00010,vendor_0213,1,7,False
4507000622_00010,vendor_0144,1,5,False
4507000622_00020,vendor_0144,1,5,False
4507000622_00030,vendor_0144,1,5,False
4507000622_00040,vendor_0144,1,5,False
4507000622_00050,vendor_0144,1,5,False
4507000622_00060,vendor_0144,1,5,False
4507000622_00070,vendor_0144,1,5,False
4507000623_00010,vendor_0193,1,2,False
4507000623_00020,vendor_0193,1,2,False
4507000623_00030,vendor_0193,1,2,False
4507000623_00040,vendor_0193,1,2,False
4507000623_00050,vendor_0193,1,2,False
4507000623_00060,vendor_0193,1,5,False
4507000623_00070,vendor_0193,1,5,False
4507000623_00080,vendor_0193,1,5,False
4507000624_00010,vendor_0123,1,7,False
4507000624_00020,vendor_0123,1,6,False
4507000625_00010,vendor_0287,1,5,False
4507000626_00010,vendor_0288,1,7,False
4507000627_00010,vendor_0193,1,2,False
4507000627_00020,vendor_0193,1,2,False
4507000627_00030,vendor_0193,1,2,False
4507000627_00040,vendor_0193,1,2,False
4507000627_00050,vendor_0193,1,2,False
4507000627_00060,vendor_0193,1,5,False
4507000627_00070,vendor_0193,1,5,False
4507000628_00010,vendor_0289,1,5,False
4507000629_00010,vendor_0290,1,5,False
4507000629_00020,vendor_0290,1,5,False
4507000630_00010,vendor_0199,1,7,False
4507000631_00010,vendor_0193,1,5,False
4507000631_00020,vendor_0193,1,5,False
4507000631_00030,vendor_0193,1,5,False
4507000631_00040,vendor_0193,1,5,False
4507000632_00010,vendor_0193,1,5,False
4507000632_00020,vendor_0193,1,5,False
4507000632_00030,vendor_0193,1,5,False
4507000632_00040,vendor_0193,1,5,False
4507000633_00010,vendor_0291,1,6,False
4507000634_00010,vendor_0292,1,5,False
4507000635_00010,vendor_0113,1,6,False
4507000636_00010,vendor_0293,1,6,False
4507000637_00010,vendor_0294,1,7,False
4507000638_00010,vendor_0138,1,3,False
4507000639_00010,vendor_0295,1,12,False
4507000640_00010,vendor_0296,1,7,False
4507000641_00010,vendor_0176,1,6,False
4507000642_00010,vendor_0269,1,6,False
4507000642_00020,vendor_0269,1,6,False
4507000643_00010,vendor_0297,1,231,False
4507000644_00010,vendor_0297,1,245,False
4507000645_00010,vendor_0229,1,92,False
4507000646_00010,vendor_0123,1,7,False
4507000647_00010,vendor_0298,1,833,False
4507000648_00010,vendor_0299,1,6,False
4507000649_00010,vendor_0299,1,5,False
4507000650_00010,vendor_0300,1,222,False
4507000651_00010,vendor_0224,1,5,False
4507000652_00010,vendor_0301,1,5,False
4507000653_00010,vendor_0174,1,5,False
4507000654_00010,vendor_0224,1,6,False
4507000655_00010,vendor_0253,1,2,False
4507000656_00010,vendor_0253,1,2,False
4507000657_00010,vendor_0253,1,2,False
4507000658_00010,vendor_0302,1,8,False
4507000659_00010,vendor_0213,1,5,False
4507000660_00010,vendor_0303,1,7,False
4507000661_00010,vendor_0253,1,2,False
4507000662_00010,vendor_0304,1,6,False
4507000663_00010,vendor_0253,1,2,False
4507000664_00010,vendor_0305,1,5,False
4507000665_00010,vendor_0306,1,5,False
4507000666_00010,vendor_0307,1,6,False
4507000666_00020,vendor_0307,1,5,False
4507000666_00030,vendor_0307,1,6,False
4507000667_00010,vendor_0308,1,6,False
4507000667_00020,vendor_0308,1,5,False
4507000668_00010,vendor_0309,1,2,False
4507000669_00010,vendor_0310,1,5,False
4507000670_00010,vendor_0269,1,5,False
4507000670_00020,vendor_0269,1,5,False
4507000671_00010,vendor_0311,1,2,False
4507000671_00020,vendor_0311,1,2,False
4507000672_00010,vendor_0312,1,7,False
4507000672_00020,vendor_0312,1,6,False
4507000672_00030,vendor_0312,1,6,False
4507000673_00010,vendor_0313,1,6,False
4507000674_00010,vendor_0314,1,8,False
4507000674_00020,vendor_0314,1,5,False
4507000675_00010,vendor_0315,1,5,False
4507000676_00010,vendor_0316,1,40,False
4507000677_00010,vendor_0317,1,6,False
4507000678_00010,vendor_0318,1,6,False
4507000679_00010,vendor_0319,1,1,False
4507000680_00010,vendor_0135,1,6,False
4507000680_00020,vendor_0135,1,6,False
4507000681_00010,vendor_0036,1,3,False
4507000682_00010,vendor_0320,1,9,False
4507000683_00010,vendor_0181,1,11,False
4507000683_00020,vendor_0181,1,13,False
4507000683_00030,vendor_0181,1,8,False
4507000683_00040,vendor_0181,1,8,False
4507000683_00050,vendor_0181,1,9,False
4507000683_00060,vendor_0181,1,6,False
4507000683_00070,vendor_0181,1,7,False
4507000683_00080,vendor_0181,1,5,False
4507000684_00010,vendor_0321,1,399,False
4507000685_00010,vendor_0322,1,5,False
4507000685_00020,vendor_0322,1,5,False
4507000686_00010,vendor_0245,1,2,False
4507000687_00010,vendor_0245,1,5,False
4507000688_00010,vendor_0323,1,6,False
4507000689_00010,vendor_0324,1,8,False
4507000690_00010,vendor_0325,1,5,False
4507000691_00010,vendor_0253,1,2,False
4507000692_00010,vendor_0253,1,2,False
4507000693_00010,vendor_0326,1,51,False
4507000694_00010,vendor_0327,1,12,False
4507000695_00010,vendor_0253,1,2,False
4507000696_00010,vendor_0328,1,6,False
4507000697_00010,vendor_0253,1,2,False
4507000698_00010,vendor_0329,1,115,False
4507000699_00010,vendor_0330,1,45,False
4507000700_00010,vendor_0331,1,6,False
4507000701_00010,vendor_0332,1,8,False
4507000702_00010,vendor_0245,1,2,False
4507000703_00010,vendor_0195,1,14,False
4507000703_00020,vendor_0195,1,15,False
4507000704_00010,vendor_0274,1,3,False
4507000705_00010,vendor_0333,1,7,False
4507000706_00010,vendor_0334,1,7,False
4507000706_00020,vendor_0334,1,6,False
4507000707_00010,vendor_0307,1,5,False
4507000707_00020,vendor_0307,1,6,False
4507000707_00030,vendor_0307,1,5,False
4507000707_00040,vendor_0307,1,6,False
4507000707_00050,vendor_0307,1,6,False
4507000708_00010,vendor_0335,1,9,False
4507000709_00010,vendor_0229,1,71,False
4507000709_00020,vendor_0229,1,266,False
4507000710_00010,vendor_0310,1,9,False
4507000710_00020,vendor_0310,1,5,False
4507000711_00010,vendor_0105,1,5,False
4507000712_00010,vendor_0336,1,7,False
4507000713_00010,vendor_0222,1,6,False
4507000713_00020,vendor_0222,1,5,False
4507000714_00010,vendor_0337,1,20,False
4507000715_00010,vendor_0253,1,2,False
4507000716_00010,vendor_0338,1,5,False
4507000716_00020,vendor_0338,1,7,False
4507000716_00030,vendor_0338,1,7,False
4507000716_00040,vendor_0338,1,5,False
4507000716_00050,vendor_0338,1,5,False
4507000716_00060,vendor_0338,1,5,False
4507000716_00070,vendor_0338,1,5,False
4507000716_00080,vendor_0338,1,3,False
4507000716_00090,vendor_0338,1,4,False
4507000717_00010,vendor_0253,1,2,False
4507000718_00010,vendor_0253,1,2,False
4507000719_00010,vendor_0339,1,5,False
4507000720_00010,vendor_0340,1,8,False
4507000720_00020,vendor_0340,1,13,False
4507000721_00010,vendor_0220,1,7,False
4507000722_00010,vendor_0341,1,5,False
4507000722_00020,vendor_0341,1,5,False
4507000722_00030,vendor_0341,1,5,False
4507000722_00040,vendor_0341,1,5,False
4507000723_00010,vendor_0342,1,6,False
4507000724_00010,vendor_0343,1,7,False
4507000725_00010,vendor_0344,1,3,False
4507000726_00010,vendor_0179,1,3,False
4507000726_00020,vendor_0179,1,2,False
4507000727_00010,vendor_0345,1,6,False
4507000727_00020,vendor_0345,1,5,False
4507000728_00010,vendor_0346,1,6,False
4507000728_00020,vendor_0346,1,5,False
4507000728_00030,vendor_0346,1,5,False
4507000729_00010,vendor_0347,1,5,False
4507000729_00020,vendor_0347,1,5,False
4507000729_00030,vendor_0347,1,5,False
4507000729_00040,vendor_0347,1,5,False
4507000729_00050,vendor_0347,1,5,False
4507000730_00010,vendor_0169,1,5,False
4507000731_00010,vendor_0169,1,6,False
4507000732_00010,vendor_0143,1,3,False
4507000733_00010,vendor_0143,1,3,False
4507000734_00010,vendor_0143,1,5,False
4507000735_00010,vendor_0143,1,3,False
4507000736_00010,vendor_0143,1,3,False
4507000737_00010,vendor_0143,1,3,False
4507000738_00010,vendor_0143,1,3,False
4507000739_00010,vendor_0143,1,3,False
4507000740_00010,vendor_0143,1,3,False
4507000741_00010,vendor_0143,1,3,False
4507000742_00010,vendor_0143,1,3,False
4507000743_00010,vendor_0143,1,3,False
4507000744_00010,vendor_0143,1,3,False
4507000745_00010,vendor_0143,1,3,False
4507000746_00010,vendor_0143,1,3,False
4507000747_00010,vendor_0143,1,3,False
4507000748_00010,vendor_0143,1,3,False
4507000749_00010,vendor_0143,1,3,False
4507000750_00010,vendor_0143,1,3,False
4507000751_00010,vendor_0143,1,3,False
4507000752_00010,vendor_0143,1,5,False
4507000753_00010,vendor_0143,1,3,False
4507000754_00010,vendor_0169,1,6,False
4507000755_00010,vendor_0169,1,7,False
4507000756_00010,vendor_0169,1,7,False
4507000757_00010,vendor_0169,1,6,False
4507000758_00010,vendor_0169,1,7,False
4507000759_00010,vendor_0169,1,6,False
4507000760_00010,vendor_0143,1,3,False
4507000761_00010,vendor_0143,1,3,False
4507000762_00010,vendor_0143,1,3,False
4507000763_00010,vendor_0143,1,3,False
4507000764_00010,vendor_0143,1,5,False
4507000765_00010,vendor_0143,1,3,False
4507000766_00010,vendor_0143,1,3,False
4507000767_00010,vendor_0143,1,3,False
4507000768_00010,vendor_0143,1,3,False
4507000769_00010,vendor_0143,1,3,False
4507000770_00010,vendor_0194,1,5,False
4507000770_00020,vendor_0194,1,5,False
4507000770_00030,vendor_0194,1,5,False
4507000770_00040,vendor_0194,1,7,False
4507000770_00050,vendor_0194,1,5,False
4507000770_00060,vendor_0194,1,5,False
4507000771_00010,vendor_0143,1,3,False
4507000772_00010,vendor_0143,1,3,False
4507000773_00010,vendor_0143,1,3,False
4507000774_00010,vendor_0143,1,3,False
4507000775_00010,vendor_0290,1,5,False
4507000776_00010,vendor_0143,1,3,False
4507000777_00010,vendor_0143,1,3,False
4507000778_00010,vendor_0143,1,3,False
4507000779_00010,vendor_0143,1,3,False
4507000780_00010,vendor_0143,1,4,False
4507000781_00010,vendor_0143,1,3,False
4507000782_00010,vendor_0143,1,3,False
4507000783_00010,vendor_0143,1,3,False
4507000784_00010,vendor_0348,1,2,False
4507000784_00020,vendor_0348,1,2,False
4507000784_00030,vendor_0348,1,1,False
4507000784_00040,vendor_0348,1,1,False
4507000784_00050,vendor_0348,1,1,False
4507000784_00060,vendor_0348,1,1,False
4507000784_00070,vendor_0348,1,1,False
4507000784_00080,vendor_0348,1,1,False
4507000784_00090,vendor_0348,1,1,False
4507000784_00100,vendor_0348,1,1,False
4507000784_00110,vendor_0348,1,1,False
4507000784_00120,vendor_0348,1,1,False
4507000784_00130,vendor_0348,1,1,False
4507000784_00140,vendor_0348,1,1,False
4507000784_00150,vendor_0348,1,1,False
4507000784_00160,vendor_0348,1,1,False
4507000784_00170,vendor_0348,1,1,False
4507000784_00180,vendor_0348,1,1,False
4507000784_00190,vendor_0348,1,1,False
4507000784_00200,vendor_0348,1,1,False
4507000784_00210,vendor_0348,1,1,False
4507000784_00220,vendor_0348,1,1,False
4507000784_00230,vendor_0348,1,1,False
4507000784_00240,vendor_0348,1,1,False
4507000784_00250,vendor_0348,1,1,False
4507000784_00260,vendor_0348,1,1,False
4507000784_00270,vendor_0348,1,1,False
4507000784_00280,vendor_0348,1,1,False
4507000784_00290,vendor_0348,1,1,False
4507000784_00300,vendor_0348,1,1,False
4507000784_00310,vendor_0348,1,1,False
4507000784_00320,vendor_0348,1,1,False
4507000784_00330,vendor_0348,1,1,False
4507000784_00340,vendor_0348,1,1,False
4507000784_00350,vendor_0348,1,1,False
4507000784_00360,vendor_0348,1,1,False
4507000784_00370,vendor_0348,1,1,False
4507000784_00380,vendor_0348,1,1,False
4507000784_00390,vendor_0348,1,1,False
4507000784_00400,vendor_0348,1,1,False
4507000784_00410,vendor_0348,1,1,False
4507000784_00420,vendor_0348,1,1,False
4507000784_00430,vendor_0348,1,1,False
4507000784_00440,vendor_0348,1,1,False
4507000784_00450,vendor_0348,1,1,False
4507000784_00460,vendor_0348,1,1,False
4507000784_00470,vendor_0348,1,1,False
4507000784_00480,vendor_0348,1,1,False
4507000784_00490,vendor_0348,1,1,False
4507000784_00500,vendor_0348,1,1,False
4507000784_00510,vendor_0348,1,1,False
4507000784_00520,vendor_0348,1,1,False
4507000784_00530,vendor_0348,1,1,False
4507000784_00540,vendor_0348,1,1,False
4507000784_00550,vendor_0348,1,1,False
4507000784_00560,vendor_0348,1,1,False
4507000784_00570,vendor_0348,1,1,False
4507000784_00580,vendor_0348,1,1,False
4507000784_00590,vendor_0348,1,1,False
4507000784_00600,vendor_0348,1,1,False
4507000784_00610,vendor_0348,1,1,False
4507000784_00620,vendor_0348,1,1,False
4507000784_00630,vendor_0348,1,1,False
4507000784_00640,vendor_0348,1,1,False
4507000784_00650,vendor_0348,1,1,False
4507000784_00660,vendor_0348,1,1,False
4507000784_00670,vendor_0348,1,1,False
4507000784_00680,vendor_0348,1,1,False
4507000784_00690,vendor_0348,1,1,False
4507000784_00700,vendor_0348,1,1,False
4507000784_00710,vendor_0348,1,1,False
4507000784_00720,vendor_0348,1,1,False
4507000784_00730,vendor_0348,1,1,False
4507000784_00740,vendor_0348,1,1,False
4507000784_00750,vendor_0348,1,1,False
4507000784_00760,vendor_0348,1,1,False
4507000784_00770,vendor_0348,1,1,False
4507000784_00780,vendor_0348,1,1,False
4507000784_00790,vendor_0348,1,1,False
4507000784_00800,vendor_0348,1,1,False
4507000784_00810,vendor_0348,1,1,False
4507000784_00820,vendor_0348,1,1,False
4507000784_00830,vendor_0348,1,1,False
4507000784_00840,vendor_0348,1,1,False
4507000784_00850,vendor_0348,1,1,False
4507000784_00860,vendor_0348,1,1,False
4507000784_00870,vendor_0348,1,1,False
4507000784_00880,vendor_0348,1,1,False
4507000784_00890,vendor_0348,1,1,False
4507000784_00900,vendor_0348,1,1,False
4507000784_00910,vendor_0348,1,1,False
4507000784_00920,vendor_0348,1,1,False
4507000784_00930,vendor_0348,1,1,False
4507000784_00940,vendor_0348,1,1,False
4507000784_00950,vendor_0348,1,1,False
4507000784_00960,vendor_0348,1,1,False
4507000785_00010,vendor_0197,1,8,False
4507000786_00010,vendor_0148,1,5,False
4507000786_00020,vendor_0148,1,5,False
4507000786_00030,vendor_0148,1,5,False
4507000786_00040,vendor_0148,1,5,False
4507000786_00050,vendor_0148,1,5,False
4507000786_00060,vendor_0148,1,5,False
4507000786_00070,vendor_0148,1,5,False
4507000786_00080,vendor_0148,1,5,False
4507000787_00010,vendor_0148,1,5,False
4507000788_00010,vendor_0143,1,6,False
4507000789_00010,vendor_0219,1,8,False
4507000790_00010,vendor_0169,1,5,False
4507000790_00020,vendor_0169,1,5,False
4507000790_00030,vendor_0169,1,5,False
4507000791_00010,vendor_0288,1,5,False
4507000792_00010,vendor_0349,1,2,False
4507000793_00010,vendor_0169,1,6,False
4507000793_00020,vendor_0169,1,6,False
4507000794_00010,vendor_0223,1,6,False
4507000795_00010,vendor_0169,1,5,False
4507000795_00020,vendor_0169,1,5,False
4507000796_00010,vendor_0169,1,5,False
4507000796_00020,vendor_0169,1,5,False
4507000796_00030,vendor_0169,1,5,False
4507000797_00010,vendor_0169,1,5,False
4507000797_00020,vendor_0169,1,5,False
4507000798_00010,vendor_0169,1,5,False
4507000799_00010,vendor_0350,1,6,False
4507000799_00020,vendor_0350,1,6,False
4507000799_00030,vendor_0350,1,6,False
4507000799_00040,vendor_0350,1,6,False
4507000800_00010,vendor_0169,1,5,False
4507000800_00020,vendor_0169,1,5,False
4507000800_00030,vendor_0169,1,5,False
4507000801_00010,vendor_0351,1,3,False
4507000801_00020,vendor_0351,1,3,False
4507000802_00010,vendor_0169,1,5,False
4507000802_00020,vendor_0169,1,5,False
4507000802_00030,vendor_0169,1,5,False
4507000803_00010,vendor_0169,1,5,False
4507000804_00010,vendor_0135,1,5,False
4507000804_00020,vendor_0135,1,6,False
4507000804_00030,vendor_0135,1,6,False
4507000804_00040,vendor_0135,1,6,False
4507000804_00050,vendor_0135,1,6,False
4507000804_00060,vendor_0135,1,6,False
4507000804_00070,vendor_0135,1,6,False
4507000804_00080,vendor_0135,1,6,False
4507000804_00090,vendor_0135,1,6,False
4507000804_00100,vendor_0135,1,6,False
4507000804_00110,vendor_0135,1,5,False
4507000804_00120,vendor_0135,1,8,False
4507000805_00001,vendor_0225,1,106,False
4507000806_00001,vendor_0226,1,18,False
4507000807_00001,vendor_0228,1,11,False
4507000808_00001,vendor_0227,1,10,False
4507000809_00001,vendor_0228,1,14,False
4507000810_00001,vendor_0352,1,10,False
4507000811_00001,vendor_0353,1,22,False
4507000812_00001,vendor_0354,1,8,False
4507000813_00001,vendor_0355,1,4,False
4507000814_00001,vendor_0229,1,202,False
4507000815_00010,vendor_0197,1,8,False
4507000815_00020,vendor_0197,1,6,False
4507000816_00001,vendor_0230,1,37,False
4507000817_00010,vendor_0103,1,6,False
4507000817_00020,vendor_0103,1,6,False
4507000817_00030,vendor_0103,1,7,False
4507000817_00040,vendor_0103,1,6,False
4507000817_00050,vendor_0103,1,6,False
4507000817_00060,vendor_0103,1,6,False
4507000817_00070,vendor_0103,1,6,False
4507000817_00080,vendor_0103,1,6,False
4507000817_00090,vendor_0103,1,6,False
4507000817_00100,vendor_0103,1,6,False
4507000817_00110,vendor_0103,1,7,False
4507000818_00010,vendor_0105,1,6,False
4507000818_00020,vendor_0105,1,6,False
4507000818_00030,vendor_0105,1,6,False
4507000819_00010,vendor_0106,1,5,False
4507000819_00020,vendor_0106,1,8,False
4507000819_00030,vendor_0106,1,5,False
4507000819_00040,vendor_0106,1,5,False
4507000819_00050,vendor_0106,1,5,False
4507000819_00060,vendor_0106,1,5,False
4507000819_00070,vendor_0106,1,5,False
4507000819_00080,vendor_0106,1,5,False
4507000819_00090,vendor_0106,1,5,False
4507000819_00100,vendor_0106,1,5,False
4507000819_00110,vendor_0106,1,5,False
4507000820_00010,vendor_0104,1,6,False
4507000820_00020,vendor_0104,1,6,False
4507000820_00030,vendor_0104,1,6,False
4507000820_00040,vendor_0104,1,6,False
4507000820_00050,vendor_0104,1,6,False
4507000820_00060,vendor_0104,1,6,False
4507000820_00070,vendor_0104,1,6,False
4507000820_00080,vendor_0104,1,2,False
4507000821_00010,vendor_0276,1,5,False
4507000821_00020,vendor_0276,1,8,False
4507000822_00010,vendor_0253,1,2,False
4507000823_00010,vendor_0253,1,2,False
4507000824_00010,vendor_0253,1,2,False
4507000825_00010,vendor_0253,1,2,False
4507000826_00010,vendor_0253,1,2,False
4507000827_00010,vendor_0253,1,2,False
4507000828_00010,vendor_0253,1,2,False
4507000829_00010,vendor_0253,1,2,False
4507000830_00010,vendor_0356,1,12,False
4507000831_00010,vendor_0357,1,179,False
4507000832_00010,vendor_0358,1,7,False
4507000832_00020,vendor_0358,1,7,False
4507000832_00030,vendor_0358,1,7,False
4507000832_00040,vendor_0358,1,6,False
4507000832_00050,vendor_0358,1,7,False
4507000833_00010,vendor_0359,1,5,False
4507000834_00010,vendor_0181,1,5,False
4507000834_00020,vendor_0181,1,6,False
4507000834_00030,vendor_0181,1,6,False
4507000835_00001,vendor_0119,1,6,False
4507000836_00001,vendor_0119,1,6,False
4507000837_00001,vendor_0119,1,6,False
4507000838_00001,vendor_0119,1,6,False
4507000839_00001,vendor_0119,1,6,False
4507000840_00001,vendor_0119,1,7,False
4507000841_00001,vendor_0119,1,6,False
4507000842_00010,vendor_0121,1,6,False
4507000842_00020,vendor_0121,1,6,False
4507000842_00030,vendor_0121,1,6,False
4507000842_00050,vendor_0121,1,6,False
4507000842_00060,vendor_0121,1,6,False
4507000842_00070,vendor_0121,1,6,False
4507000843_00010,vendor_0360,1,6,False
4507000843_00020,vendor_0360,1,6,False
4507000843_00030,vendor_0360,1,6,False
4507000843_00040,vendor_0360,1,6,False
4507000843_00050,vendor_0360,1,6,False
4507000843_00060,vendor_0360,1,6,False
4507000844_00010,vendor_0165,1,5,False
4507000845_00010,vendor_0165,1,5,False
4507000846_00010,vendor_0108,1,6,False
4507000846_00020,vendor_0108,1,6,False
4507000846_00030,vendor_0108,1,6,False
4507000846_00040,vendor_0108,1,6,False
4507000846_00050,vendor_0108,1,5,False
4507000846_00060,vendor_0108,1,6,False
4507000846_00070,vendor_0108,1,2,False
4507000846_00080,vendor_0108,1,6,False
4507000846_00090,vendor_0108,1,6,False
4507000846_00100,vendor_0108,1,6,False
4507000846_00110,vendor_0108,1,6,False
4507000846_00120,vendor_0108,1,6,False
4507000846_00130,vendor_0108,1,6,False
4507000847_00010,vendor_0361,1,5,False
4507000847_00020,vendor_0361,1,5,False
4507000847_00030,vendor_0361,1,5,False
4507000847_00040,vendor_0361,1,5,False
4507000847_00050,vendor_0361,1,5,False
4507000847_00060,vendor_0361,1,5,False
4507000847_00070,vendor_0361,1,5,False
4507000847_00080,vendor_0361,1,5,False
4507000847_00090,vendor_0361,1,5,False
4507000847_00100,vendor_0361,1,5,False
4507000847_00110,vendor_0361,1,5,False
4507000847_00120,vendor_0361,1,5,False
4507000847_00130,vendor_0361,1,5,False
4507000847_00140,vendor_0361,1,5,False
4507000847_00150,vendor_0361,1,5,False
4507000847_00160,vendor_0361,1,5,False
4507000847_00170,vendor_0361,1,5,False
4507000847_00180,vendor_0361,1,5,False
4507000847_00190,vendor_0361,1,5,False
4507000848_00010,vendor_0122,1,5,False
4507000848_00020,vendor_0122,1,5,False
4507000848_00030,vendor_0122,1,5,False
4507000848_00040,vendor_0122,1,5,False
4507000848_00050,vendor_0122,1,5,False
4507000848_00060,vendor_0122,1,5,False
4507000848_00070,vendor_0122,1,5,False
4507000849_00010,vendor_0362,1,5,False
4507000850_00010,vendor_0363,1,5,False
4507000851_00010,vendor_0364,1,5,False
4507000851_00020,vendor_0364,1,5,False
4507000851_00030,vendor_0364,1,5,False
4507000851_00040,vendor_0364,1,5,False
4507000851_00050,vendor_0364,1,5,False
4507000851_00060,vendor_0364,1,5,False
4507000851_00070,vendor_0364,1,5,False
4507000851_00080,vendor_0364,1,5,False
4507000851_00090,vendor_0364,1,5,False
4507000851_00100,vendor_0364,1,5,False
4507000851_00110,vendor_0364,1,5,False
4507000851_00120,vendor_0364,1,5,False
4507000851_00130,vendor_0364,1,5,False
4507000851_00140,vendor_0364,1,5,False
4507000851_00150,vendor_0364,1,5,False
4507000851_00160,vendor_0364,1,6,False
4507000851_00170,vendor_0364,1,6,False
4507000852_00010,vendor_0365,1,6,False
4507000852_00020,vendor_0365,1,6,False
4507000852_00030,vendor_0365,1,6,False
4507000852_00040,vendor_0365,1,6,False
4507000852_00050,vendor_0365,1,6,False
4507000852_00060,vendor_0365,1,6,False
4507000852_00070,vendor_0365,1,6,False
4507000853_00010,vendor_0169,1,5,False
4507000853_00020,vendor_0169,1,5,False
4507000854_00010,vendor_0366,1,8,False
4507000855_00010,vendor_0118,1,5,False
4507000855_00020,vendor_0118,1,5,False
4507000855_00030,vendor_0118,1,5,False
4507000855_00040,vendor_0118,1,5,False
4507000855_00050,vendor_0118,1,5,False
4507000855_00060,vendor_0118,1,5,False
4507000855_00070,vendor_0118,1,5,False
4507000855_00080,vendor_0118,1,5,False
4507000855_00090,vendor_0118,1,5,False
4507000855_00100,vendor_0118,1,5,False
4507000855_00110,vendor_0118,1,5,False
4507000855_00120,vendor_0118,1,5,False
4507000855_00130,vendor_0118,1,5,False
4507000855_00140,vendor_0118,1,5,False
4507000855_00150,vendor_0118,1,5,False
4507000855_00160,vendor_0118,1,5,False
4507000855_00170,vendor_0118,1,5,False
4507000855_00180,vendor_0118,1,5,False
4507000855_00190,vendor_0118,1,5,False
4507000855_00200,vendor_0118,1,5,False
4507000855_00210,vendor_0118,1,5,False
4507000855_00220,vendor_0118,1,5,False
4507000855_00230,vendor_0118,1,5,False
4507000855_00240,vendor_0118,1,5,False
4507000855_00250,vendor_0118,1,2,False
4507000855_00260,vendor_0118,1,5,False
4507000855_00270,vendor_0118,1,5,False
4507000855_00280,vendor_0118,1,5,False
4507000855_00290,vendor_0118,1,5,False
4507000855_00300,vendor_0118,1,5,False
4507000855_00310,vendor_0118,1,5,False
4507000855_00320,vendor_0118,1,5,False
4507000855_00330,vendor_0118,1,5,False
4507000855_00340,vendor_0118,1,5,False
4507000855_00350,vendor_0118,1,5,False
4507000855_00360,vendor_0118,1,5,False
4507000855_00370,vendor_0118,1,5,False
4507000855_00380,vendor_0118,1,5,False
4507000855_00390,vendor_0118,1,5,False
4507000855_00400,vendor_0118,1,5,False
4507000855_00410,vendor_0118,1,5,False
4507000855_00420,vendor_0118,1,5,False
4507000855_00430,vendor_0118,1,5,False
4507000856_00010,vendor_0367,1,2,False
4507000856_00020,vendor_0367,1,6,False
4507000856_00030,vendor_0367,1,6,False
4507000856_00040,vendor_0367,1,6,False
4507000856_00050,vendor_0367,1,6,False
4507000856_00060,vendor_0367,1,6,False
4507000856_00070,vendor_0367,1,6,False
4507000856_00080,vendor_0367,1,6,False
4507000856_00090,vendor_0367,1,6,False
4507000856_00100,vendor_0367,1,6,False
4507000857_00010,vendor_0366,1,5,False
4507000858_00010,vendor_0366,1,5,False
4507000859_00010,vendor_0368,1,6,False
4507000859_00020,vendor_0368,1,6,False
4507000860_00010,vendor_0369,1,2,False
4507000861_00010,vendor_0366,1,5,False
4507000862_00010,vendor_0370,1,6,False
4507000862_00020,vendor_0370,1,3,False
4507000863_00010,vendor_0371,1,5,False
4507000863_00020,vendor_0371,1,5,False
4507000863_00030,vendor_0371,1,5,False
4507000863_00040,vendor_0371,1,5,False
4507000863_00050,vendor_0371,1,5,False
4507000863_00060,vendor_0371,1,5,False
4507000863_00070,vendor_0371,1,5,False
4507000863_00080,vendor_0371,1,5,False
4507000863_00090,vendor_0371,1,5,False
4507000863_00100,vendor_0371,1,5,False
4507000863_00110,vendor_0371,1,5,False
4507000863_00120,vendor_0371,1,5,False
4507000863_00130,vendor_0371,1,5,False
4507000863_00140,vendor_0371,1,5,False
4507000863_00150,vendor_0371,1,5,False
4507000863_00160,vendor_0371,1,5,False
4507000863_00170,vendor_0371,1,5,False
4507000863_00180,vendor_0371,1,5,False
4507000863_00190,vendor_0371,1,5,False
4507000863_00200,vendor_0371,1,5,False
4507000864_00010,vendor_0372,1,1,False
4507000865_00010,vendor_0126,1,10,False
4507000865_00020,vendor_0126,1,2,False
4507000865_00030,vendor_0126,1,6,False
4507000865_00040,vendor_0126,1,6,False
4507000865_00050,vendor_0126,1,6,False
4507000865_00060,vendor_0126,1,6,False
4507000865_00070,vendor_0126,1,6,False
4507000865_00080,vendor_0126,1,6,False
4507000865_00090,vendor_0126,1,6,False
4507000865_00100,vendor_0126,1,6,False
4507000865_00110,vendor_0126,1,6,False
4507000865_00120,vendor_0126,1,11,False
4507000865_00130,vendor_0126,1,6,False
4507000865_00140,vendor_0126,1,6,False
4507000866_00001,vendor_0119,1,6,False
4507000867_00010,vendor_0128,1,6,False
4507000867_00020,vendor_0128,1,6,False
4507000867_00030,vendor_0128,1,6,False
4507000867_00040,vendor_0128,1,6,False
4507000868_00010,vendor_0135,1,6,False
4507000869_00010,vendor_0135,1,6,False
4507000869_00020,vendor_0135,1,6,False
4507000869_00030,vendor_0135,1,6,False
4507000869_00040,vendor_0135,1,6,False
4507000869_00050,vendor_0135,1,6,False
4507000870_00010,vendor_0150,1,5,False
4507000870_00020,vendor_0150,1,5,False
4507000870_00030,vendor_0150,1,5,False
4507000870_00040,vendor_0150,1,5,False
4507000871_00010,vendor_0124,1,5,False
4507000872_00010,vendor_0373,1,7,False
4507000873_00010,vendor_0374,1,5,False
4507000874_00010,vendor_0107,1,5,False
4507000875_00010,vendor_0375,1,5,False
4507000875_00020,vendor_0375,1,5,False
4507000875_00030,vendor_0375,1,5,False
4507000876_00010,vendor_0124,1,5,False
4507000877_00010,vendor_0376,1,5,False
4507000877_00020,vendor_0376,1,5,False
4507000877_00030,vendor_0376,1,5,False
4507000877_00040,vendor_0376,1,5,False
4507000877_00050,vendor_0376,1,5,False
4507000878_00010,vendor_0189,1,5,False
4507000878_00020,vendor_0189,1,5,False
4507000878_00030,vendor_0189,1,5,False
4507000878_00040,vendor_0189,1,5,False
4507000879_00010,vendor_0377,1,186,False
4507000879_00020,vendor_0377,1,226,False
4507000879_00030,vendor_0377,1,183,False
4507000879_00040,vendor_0377,1,161,False
4507000879_00050,vendor_0377,1,194,False
4507000879_00060,vendor_0377,1,217,False
4507000879_00070,vendor_0377,1,211,False
4507000879_00080,vendor_0377,1,185,False
4507000879_00090,vendor_0377,1,158,False
4507000879_00100,vendor_0377,1,194,False
4507000879_00110,vendor_0377,1,251,False
4507000879_00120,vendor_0377,1,133,False
4507000879_00130,vendor_0377,1,107,False
4507000879_00140,vendor_0377,1,104,False
4507000879_00150,vendor_0377,1,35,False
4507000879_00160,vendor_0377,1,44,False
4507000879_00170,vendor_0377,1,12,False
4507000880_00010,vendor_0378,1,6,False
4507000880_00020,vendor_0378,1,6,False
4507000880_00030,vendor_0378,1,6,False
4507000881_00010,vendor_0123,1,5,False
4507000881_00020,vendor_0123,1,5,False
4507000881_00030,vendor_0123,1,5,False
4507000882_00010,vendor_0379,1,2,False
4507000883_00010,vendor_0279,1,6,False
4507000883_00020,vendor_0279,1,10,False
4507000884_00010,vendor_0275,1,5,False
4507000884_00020,vendor_0275,1,6,False
4507000885_00010,vendor_0380,1,3,False
4507000886_00010,vendor_0381,1,171,False
4507000887_00010,vendor_0382,1,5,False
4507000887_00020,vendor_0382,1,5,False
4507000888_00010,vendor_0383,1,3,False
4507000888_00020,vendor_0383,1,3,False
4507000888_00030,vendor_0383,1,3,False
4507000888_00040,vendor_0383,1,3,False
4507000889_00010,vendor_0138,1,6,False
4507000890_00010,vendor_0384,1,189,False
4507000891_00010,vendor_0217,1,8,False
4507000892_00010,vendor_0103,1,6,False
4507000893_00010,vendor_0173,1,5,False
4507000894_00010,vendor_0157,1,8,False
4507000895_00010,vendor_0105,1,6,False
4507000896_00010,vendor_0385,1,153,False
4507000897_00010,vendor_0173,1,6,False
4507000897_00020,vendor_0173,1,6,False
4507000897_00030,vendor_0173,1,6,False
4507000898_00010,vendor_0386,1,109,False
4507000899_00010,vendor_0103,1,6,False
4507000899_00020,vendor_0103,1,6,False
4507000899_00030,vendor_0103,1,6,False
4507000899_00040,vendor_0103,1,6,False
4507000899_00050,vendor_0103,1,6,False
4507000899_00060,vendor_0103,1,6,False
4507000900_00010,vendor_0261,1,6,False
4507000900_00020,vendor_0261,1,6,False
4507000901_00010,vendor_0269,1,5,False
4507000902_00010,vendor_0387,1,39,False
4507000903_00010,vendor_0388,1,2,False
4507000904_00010,vendor_0389,1,5,False
4507000904_00020,vendor_0389,1,5,False
4507000904_00030,vendor_0389,1,5,False
4507000904_00040,vendor_0389,1,5,False
4507000904_00050,vendor_0389,1,5,False
4507000904_00060,vendor_0389,1,5,False
4507000905_00010,vendor_0165,1,6,False
4507000905_00020,vendor_0165,1,5,False
4507000905_00030,vendor_0165,1,5,False
4507000905_00040,vendor_0165,1,6,False
4507000905_00050,vendor_0165,1,6,False
4507000905_00060,vendor_0165,1,7,False
4507000905_00070,vendor_0165,1,6,False
4507000905_00080,vendor_0165,1,5,False
4507000905_00090,vendor_0165,1,5,False
4507000905_00100,vendor_0165,1,6,False
4507000905_00110,vendor_0165,1,6,False
4507000905_00120,vendor_0165,1,6,False
4507000905_00130,vendor_0165,1,5,False
4507000905_00140,vendor_0165,1,5,False
4507000905_00150,vendor_0165,1,5,False
4507000906_00010,vendor_0385,1,35,False
4507000906_00020,vendor_0385,1,61,False
4507000906_00030,vendor_0385,1,32,False
4507000906_00040,vendor_0385,1,61,False
4507000906_00050,vendor_0385,1,56,False
4507000906_00060,vendor_0385,1,59,False
4507000906_00070,vendor_0385,1,59,False
4507000906_00080,vendor_0385,1,45,False
4507000906_00090,vendor_0385,1,11,False
4507000906_00100,vendor_0385,1,64,False
4507000906_00110,vendor_0385,1,16,False
4507000907_00010,vendor_0390,1,6,False
4507000907_00020,vendor_0390,1,3,False
4507000908_00010,vendor_0104,1,6,False
4507000908_00020,vendor_0104,1,6,False
4507000908_00030,vendor_0104,1,6,False
4507000909_00010,vendor_0313,1,3,False
4507000909_00020,vendor_0313,1,3,False
4507000910_00010,vendor_0106,1,6,False
4507000910_00020,vendor_0106,1,6,False
4507000911_00010,vendor_0104,1,6,False
4507000912_00010,vendor_0391,1,8,False
4507000913_00010,vendor_0138,1,6,False
4507000913_00020,vendor_0138,1,5,False
4507000914_00010,vendor_0106,1,5,False
4507000914_00020,vendor_0106,1,5,False
4507000914_00030,vendor_0106,1,5,False
4507000915_00010,vendor_0392,1,5,False
4507000916_00010,vendor_0393,1,2,False
4507000916_00020,vendor_0393,1,2,False
4507000916_00030,vendor_0393,1,2,False
4507000916_00040,vendor_0393,1,9,False
4507000916_00050,vendor_0393,1,8,False
4507000916_00060,vendor_0393,1,5,False
4507000916_00070,vendor_0393,1,6,False
4507000917_00010,vendor_0106,1,7,False
4507000918_00010,vendor_0143,1,2,False
4507000919_00010,vendor_0164,1,6,False
4507000920_00010,vendor_0164,1,6,False
4507000921_00010,vendor_0394,1,2,False
4507000922_00010,vendor_0395,1,5,False
4507000922_00020,vendor_0395,1,5,False
4507000922_00030,vendor_0395,1,5,False
4507000923_00010,vendor_0396,1,5,False
4507000924_00010,vendor_0135,1,2,False
4507000924_00020,vendor_0135,1,2,False
4507000924_00030,vendor_0135,1,7,False
4507000925_00010,vendor_0164,1,6,False
4507000926_00010,vendor_0397,1,12,False
4507000926_00020,vendor_0397,1,7,False
4507000926_00030,vendor_0397,1,8,False
4507000926_00040,vendor_0397,1,7,False
4507000926_00050,vendor_0397,1,7,False
4507000926_00060,vendor_0397,1,7,False
4507000926_00070,vendor_0397,1,7,False
4507000927_00010,vendor_0398,1,7,False
4507000928_00010,vendor_0358,1,6,False
4507000928_00020,vendor_0358,1,6,False
4507000929_00010,vendor_0392,1,2,False
4507000930_00010,vendor_0392,1,11,False
4507000931_00010,vendor_0123,1,7,False
4507000931_00020,vendor_0123,1,5,False
4507000932_00010,vendor_0140,1,5,False
4507000933_00010,vendor_0260,1,5,False
4507000933_00020,vendor_0260,1,6,False
4507000934_00010,vendor_0399,1,7,False
4507000935_00010,vendor_0400,1,6,False
4507000935_00020,vendor_0400,1,5,False
4507000935_00030,vendor_0400,1,5,False
4507000935_00040,vendor_0400,1,5,False
4507000935_00050,vendor_0400,1,5,False
4507000935_00060,vendor_0400,1,5,False
4507000935_00070,vendor_0400,1,5,False
4507000936_00010,vendor_0165,1,14,False
4507000936_00020,vendor_0165,1,6,False
4507000936_00030,vendor_0165,1,5,False
4507000936_00040,vendor_0165,1,8,False
4507000936_00050,vendor_0165,1,6,False
4507000936_00060,vendor_0165,1,5,False
4507000936_00070,vendor_0165,1,5,False
4507000936_00080,vendor_0165,1,10,False
4507000936_00090,vendor_0165,1,6,False
4507000936_00100,vendor_0165,1,6,False
4507000936_00110,vendor_0165,1,7,False
4507000937_00010,vendor_0181,1,5,False
4507000938_00010,vendor_0401,1,5,False
4507000938_00020,vendor_0401,1,5,False
4507000939_00010,vendor_0164,1,9,False
4507000940_00010,vendor_0291,1,5,False
4507000940_00020,vendor_0291,1,7,False
4507000940_00030,vendor_0291,1,5,False
4507000941_00010,vendor_0291,1,6,False
4507000941_00020,vendor_0291,1,6,False
4507000942_00010,vendor_0149,1,6,False
4507000942_00020,vendor_0149,1,6,False
4507000943_00010,vendor_0119,1,4,False
4507000943_00020,vendor_0119,1,3,False
4507000944_00010,vendor_0402,1,6,False
4507000944_00020,vendor_0402,1,6,False
4507000945_00010,vendor_0149,1,6,False
4507000946_00010,vendor_0403,1,12,False
4507000947_00010,vendor_0145,1,7,False
4507000948_00010,vendor_0404,1,6,False
4507000949_00010,vendor_0145,1,7,False
4507000950_00010,vendor_0145,1,6,False
4507000951_00010,vendor_0405,1,7,False
4507000952_00010,vendor_0256,1,6,False
4507000953_00010,vendor_0149,1,6,False
4507000954_00010,vendor_0406,1,5,False
4507000954_00020,vendor_0406,1,6,False
4507000955_00010,vendor_0149,1,6,False
4507000956_00010,vendor_0149,1,6,False
4507000957_00010,vendor_0160,1,5,False
4507000957_00020,vendor_0160,1,5,False
4507000958_00010,vendor_0407,1,6,False
4507000958_00020,vendor_0407,1,6,False
4507000959_00010,vendor_0408,1,5,False
4507000960_00010,vendor_0160,1,5,False
4507000960_00020,vendor_0160,1,5,False
4507000960_00030,vendor_0160,1,5,False
4507000960_00040,vendor_0160,1,5,False
4507000961_00010,vendor_0409,1,5,False
4507000962_00010,vendor_0409,1,6,False
4507000963_00010,vendor_0165,1,5,False
4507000964_00010,vendor_0154,1,5,False
4507000964_00020,vendor_0154,1,5,False
4507000965_00010,vendor_0243,1,7,False
4507000966_00010,vendor_0143,1,6,False
4507000966_00020,vendor_0143,1,5,False
4507000966_00030,vendor_0143,1,9,False
4507000966_00040,vendor_0143,1,5,False
4507000967_00010,vendor_0185,1,2,False
4507000967_00020,vendor_0185,1,2,False
4507000967_00030,vendor_0185,1,2,False
4507000967_00040,vendor_0185,1,2,False
4507000967_00050,vendor_0185,1,2,False
4507000967_00060,vendor_0185,1,2,False
4507000967_00070,vendor_0185,1,2,False
4507000967_00080,vendor_0185,1,9,False
4507000967_00090,vendor_0185,1,2,False
4507000967_00100,vendor_0185,1,2,False
4507000967_00110,vendor_0185,1,2,False
4507000967_00120,vendor_0185,1,2,False
4507000967_00130,vendor_0185,1,2,False
4507000967_00140,vendor_0185,1,2,False
4507000967_00150,vendor_0185,1,2,False
4507000967_00160,vendor_0185,1,2,False
4507000967_00170,vendor_0185,1,2,False
4507000967_00180,vendor_0185,1,2,False
4507000967_00190,vendor_0185,1,2,False
4507000967_00200,vendor_0185,1,2,False
4507000967_00210,vendor_0185,1,2,False
4507000967_00220,vendor_0185,1,2,False
4507000967_00230,vendor_0185,1,2,False
4507000968_00010,vendor_0410,1,5,False
4507000969_00010,vendor_0165,1,7,False
4507000969_00020,vendor_0165,1,5,False
4507000969_00030,vendor_0165,1,7,False
4507000969_00040,vendor_0165,1,5,False
4507000970_00010,vendor_0173,1,5,False
4507000971_00010,vendor_0170,1,6,False
4507000971_00020,vendor_0170,1,7,False
4507000971_00030,vendor_0170,1,5,False
4507000971_00040,vendor_0170,1,5,False
4507000971_00050,vendor_0170,1,5,False
4507000971_00060,vendor_0170,1,5,False
4507000971_00070,vendor_0170,1,5,False
4507000972_00010,vendor_0176,1,5,False
4507000972_00020,vendor_0176,1,5,False
4507000972_00030,vendor_0176,1,5,False
4507000972_00040,vendor_0176,1,5,False
4507000972_00050,vendor_0176,1,5,False
4507000972_00060,vendor_0176,1,5,False
4507000972_00070,vendor_0176,1,5,False
4507000972_00080,vendor_0176,1,5,False
4507000972_00090,vendor_0176,1,6,False
4507000972_00100,vendor_0176,1,5,False
4507000972_00110,vendor_0176,1,5,False
4507000972_00120,vendor_0176,1,5,False
4507000972_00130,vendor_0176,1,5,False
4507000973_00010,vendor_0178,1,8,False
4507000974_00010,vendor_0411,1,5,False
4507000975_00010,vendor_0179,1,8,False
4507000976_00010,vendor_0412,1,8,False
4507000977_00010,vendor_0164,1,7,False
4507000978_00010,vendor_0190,1,7,False
4507000979_00010,vendor_0190,1,7,False
4507000980_00010,vendor_0157,1,11,False
4507000981_00010,vendor_0157,1,8,False
4507000982_00010,vendor_0157,1,7,False
4507000983_00010,vendor_0163,1,6,False
4507000984_00010,vendor_0413,1,6,False
4507000985_00010,vendor_0157,1,8,False
4507000986_00010,vendor_0157,1,7,False
4507000987_00010,vendor_0157,1,7,False
4507000988_00010,vendor_0135,1,3,False
4507000989_00010,vendor_0115,1,8,False
4507000989_00020,vendor_0115,1,8,False
4507000989_00030,vendor_0115,1,8,False
4507000990_00010,vendor_0414,1,5,False
4507000991_00010,vendor_0415,1,5,False
4507000991_00020,vendor_0415,1,5,False
4507000991_00030,vendor_0415,1,5,False
4507000991_00040,vendor_0415,1,5,False
4507000991_00050,vendor_0415,1,5,False
4507000991_00060,vendor_0415,1,5,False
4507000991_00070,vendor_0415,1,5,False
4507000991_00080,vendor_0415,1,5,False
4507000991_00090,vendor_0415,1,5,False
4507000992_00010,vendor_0416,1,9,False
4507000993_00010,vendor_0417,1,6,False
4507000994_00010,vendor_0183,1,5,False
4507000994_00020,vendor_0183,1,5,False
4507000994_00030,vendor_0183,1,5,False
4507000994_00040,vendor_0183,1,5,False
4507000994_00050,vendor_0183,1,5,False
4507000994_00060,vendor_0183,1,5,False
4507000995_00010,vendor_0415,1,5,False
4507000995_00020,vendor_0415,1,5,False
4507000995_00030,vendor_0415,1,5,False
4507000995_00040,vendor_0415,1,5,False
4507000996_00010,vendor_0418,1,5,False
4507000996_00020,vendor_0418,1,5,False
4507000997_00010,vendor_0413,1,5,False
4507000997_00020,vendor_0413,1,5,False
4507000998_00010,vendor_0419,1,2,False
4507000998_00020,vendor_0419,1,2,False
4507000998_00030,vendor_0419,1,2,False
4507000998_00040,vendor_0419,1,2,False
4507000998_00050,vendor_0419,1,2,False
4507000998_00060,vendor_0419,1,2,False
4507000999_00010,vendor_0338,1,6,False
4507000999_00020,vendor_0338,1,5,False
4507000999_00030,vendor_0338,1,6,False
4507001000_00010,vendor_0419,1,2,False
4507001000_00020,vendor_0419,1,2,False
4507001000_00030,vendor_0419,1,2,False
4507001000_00040,vendor_0419,1,2,False
4507001000_00050,vendor_0419,1,2,False
4507001000_00060,vendor_0419,1,2,False
4507001001_00010,vendor_0420,1,5,False
4507001002_00010,vendor_0199,1,6,False
4507001002_00020,vendor_0199,1,6,False
4507001002_00030,vendor_0199,1,6,False
4507001003_00010,vendor_0199,1,7,False
4507001004_00010,vendor_0199,1,9,False
4507001004_00020,vendor_0199,1,6,False
4507001005_00010,vendor_0125,1,2,False
4507001006_00010,vendor_0421,1,6,False
4507001006_00020,vendor_0421,1,2,False
4507001007_00010,vendor_0221,1,6,False
4507001008_00010,vendor_0422,1,5,False
4507001009_00010,vendor_0125,1,3,False
4507001010_00010,vendor_0125,1,2,False
4507001011_00010,vendor_0125,1,3,False
4507001012_00010,vendor_0275,1,5,False
4507001012_00020,vendor_0275,1,5,False
4507001012_00030,vendor_0275,1,5,False
4507001012_00040,vendor_0275,1,5,False
4507001013_00010,vendor_0423,1,11,False
4507001014_00010,vendor_0189,1,6,False
4507001014_00020,vendor_0189,1,7,False
4507001014_00030,vendor_0189,1,6,False
4507001015_00010,vendor_0135,1,5,False
4507001015_00020,vendor_0135,1,5,False
4507001015_00030,vendor_0135,1,6,False
4507001016_00010,vendor_0135,1,5,False
4507001016_00020,vendor_0135,1,5,False
4507001016_00030,vendor_0135,1,5,False
4507001017_00010,vendor_0416,1,8,False
4507001017_00020,vendor_0416,1,7,False
4507001018_00010,vendor_0119,1,5,False
4507001019_00010,vendor_0119,1,5,False
4507001019_00020,vendor_0119,1,6,False
4507001019_00030,vendor_0119,1,6,False
4507001019_00040,vendor_0119,1,6,False
4507001019_00050,vendor_0119,1,6,False
4507001019_00060,vendor_0119,1,6,False
4507001019_00070,vendor_0119,1,6,False
4507001019_00080,vendor_0119,1,6,False
4507001019_00090,vendor_0119,1,6,False
4507001019_00100,vendor_0119,1,6,False
4507001019_00110,vendor_0119,1,6,False
4507001019_00120,vendor_0119,1,6,False
4507001019_00130,vendor_0119,1,6,False
4507001019_00140,vendor_0119,1,6,False
4507001019_00150,vendor_0119,1,6,False
4507001020_00010,vendor_0119,1,5,False
4507001020_00020,vendor_0119,1,5,False
4507001020_00030,vendor_0119,1,5,False
4507001020_00040,vendor_0119,1,5,False
4507001020_00050,vendor_0119,1,5,False
4507001020_00060,vendor_0119,1,5,False
4507001020_00070,vendor_0119,1,5,False
4507001020_00080,vendor_0119,1,5,False
4507001020_00090,vendor_0119,1,6,False
4507001020_00100,vendor_0119,1,6,False
4507001020_00110,vendor_0119,1,11,False
4507001020_00120,vendor_0119,1,5,False
4507001020_00130,vendor_0119,1,5,False
4507001020_00140,vendor_0119,1,5,False
4507001020_00150,vendor_0119,1,5,False
4507001020_00160,vendor_0119,1,5,False
4507001020_00170,vendor_0119,1,5,False
4507001020_00180,vendor_0119,1,5,False
4507001020_00190,vendor_0119,1,5,False
4507001021_00010,vendor_0173,1,7,False
4507001021_00020,vendor_0173,1,5,False
4507001022_00010,vendor_0266,1,5,False
4507001022_00020,vendor_0266,1,5,False
4507001022_00030,vendor_0266,1,5,False
4507001022_00040,vendor_0266,1,5,False
4507001022_00050,vendor_0266,1,5,False
4507001022_00060,vendor_0266,1,6,False
4507001022_00070,vendor_0266,1,5,False
4507001023_00010,vendor_0424,1,6,False
4507001023_00020,vendor_0424,1,6,False
4507001023_00030,vendor_0424,1,6,False
4507001023_00040,vendor_0424,1,6,False
4507001023_00050,vendor_0424,1,5,False
4507001024_00010,vendor_0425,1,5,False
4507001024_00020,vendor_0425,1,5,False
4507001024_00030,vendor_0425,1,5,False
4507001025_00010,vendor_0426,1,5,False
4507001026_00010,vendor_0427,1,8,False
4507001027_00010,vendor_0197,1,7,False
4507001028_00010,vendor_0165,1,10,False
4507001028_00020,vendor_0165,1,5,False
4507001028_00030,vendor_0165,1,5,False
4507001028_00040,vendor_0165,1,5,False
4507001028_00050,vendor_0165,1,8,False
4507001028_00060,vendor_0165,1,5,False
4507001029_00010,vendor_0119,1,5,False
4507001029_00020,vendor_0119,1,5,False
4507001029_00030,vendor_0119,1,6,False
4507001030_00010,vendor_0428,1,5,False
4507001030_00020,vendor_0428,1,5,False
4507001030_00030,vendor_0428,1,6,False
4507001031_00010,vendor_0119,1,5,False
4507001031_00020,vendor_0119,1,5,False
4507001031_00030,vendor_0119,1,5,False
4507001031_00040,vendor_0119,1,5,False
4507001031_00050,vendor_0119,1,5,False
4507001031_00060,vendor_0119,1,5,False
4507001031_00070,vendor_0119,1,5,False
4507001031_00080,vendor_0119,1,5,False
4507001031_00090,vendor_0119,1,5,False
4507001032_00010,vendor_0119,1,5,False
4507001032_00020,vendor_0119,1,5,False
4507001032_00030,vendor_0119,1,5,False
4507001032_00040,vendor_0119,1,5,False
4507001032_00050,vendor_0119,1,5,False
4507001032_00060,vendor_0119,1,5,False
4507001032_00070,vendor_0119,1,5,False
4507001033_00010,vendor_0096,1,5,False
4507001034_00010,vendor_0148,1,5,False
4507001034_00020,vendor_0148,1,5,False
4507001034_00030,vendor_0148,1,5,False
4507001034_00040,vendor_0148,1,5,False
4507001034_00050,vendor_0148,1,5,False
4507001035_00010,vendor_0276,1,5,False
4507001036_00010,vendor_0429,1,6,False
4507001037_00010,vendor_0113,1,2,False
4507001037_00020,vendor_0113,1,2,False
4507001038_00010,vendor_0123,1,5,False
4507001038_00020,vendor_0123,1,5,False
4507001038_00030,vendor_0123,1,5,False
4507001039_00010,vendor_0430,1,7,False
4507001040_00010,vendor_0187,1,6,False
4507001041_00010,vendor_0431,1,8,False
4507001042_00010,vendor_0432,1,5,False
4507001043_00010,vendor_0433,1,2,False
4507001044_00010,vendor_0432,1,5,False
4507001045_00010,vendor_0432,1,5,False
4507001046_00010,vendor_0434,1,2,False
4507001047_00010,vendor_0408,1,5,False
4507001048_00010,vendor_0435,1,7,False
4507001049_00010,vendor_0436,1,7,False
4507001050_00010,vendor_0437,1,5,False
4507001051_00010,vendor_0180,1,5,False
4507001051_00020,vendor_0180,1,6,False
4507001051_00030,vendor_0180,1,5,False
4507001051_00040,vendor_0180,1,5,False
4507001051_00050,vendor_0180,1,5,False
4507001051_00060,vendor_0180,1,5,False
4507001051_00070,vendor_0180,1,5,False
4507001051_00080,vendor_0180,1,5,False
4507001051_00090,vendor_0180,1,5,False
4507001051_00100,vendor_0180,1,5,False
4507001051_00110,vendor_0180,1,5,False
4507001051_00120,vendor_0180,1,5,False
4507001051_00130,vendor_0180,1,5,False
4507001051_00140,vendor_0180,1,5,False
4507001051_00150,vendor_0180,1,5,False
4507001051_00160,vendor_0180,1,5,False
4507001051_00170,vendor_0180,1,5,False
4507001051_00180,vendor_0180,1,5,False
4507001051_00190,vendor_0180,1,5,False
4507001051_00200,vendor_0180,1,5,False
4507001051_00210,vendor_0180,1,5,False
4507001051_00220,vendor_0180,1,5,False
4507001051_00230,vendor_0180,1,5,False
4507001052_00010,vendor_0438,1,5,False
4507001053_00010,vendor_0439,1,5,False
4507001054_00010,vendor_0410,1,6,False
4507001055_00010,vendor_0438,1,5,False
4507001056_00010,vendor_0440,1,10,False
4507001057_00010,vendor_0410,1,5,False
4507001058_00010,vendor_0410,1,6,False
4507001059_00010,vendor_0410,1,5,False
4507001060_00010,vendor_0410,1,6,False
4507001061_00010,vendor_0190,1,2,False
4507001062_00010,vendor_0029,1,3,False
4507001063_00010,vendor_0441,1,6,False
4507001063_00020,vendor_0441,1,6,False
4507001064_00010,vendor_0299,1,5,False
4507001065_00010,vendor_0181,1,6,False
4507001066_00010,vendor_0212,1,8,False
4507001067_00010,vendor_0442,1,6,False
4507001068_00010,vendor_0143,1,6,False
4507001069_00010,vendor_0180,1,5,False
4507001069_00020,vendor_0180,1,5,False
4507001069_00030,vendor_0180,1,6,False
4507001069_00040,vendor_0180,1,5,False
4507001069_00050,vendor_0180,1,5,False
4507001069_00060,vendor_0180,1,5,False
4507001069_00070,vendor_0180,1,5,False
4507001069_00080,vendor_0180,1,5,False
4507001069_00090,vendor_0180,1,5,False
4507001069_00100,vendor_0180,1,5,False
4507001069_00110,vendor_0180,1,5,False
4507001069_00120,vendor_0180,1,5,False
4507001069_00130,vendor_0180,1,5,False
4507001069_00140,vendor_0180,1,5,False
4507001069_00150,vendor_0180,1,5,False
4507001069_00160,vendor_0180,1,5,False
4507001069_00170,vendor_0180,1,5,False
4507001069_00180,vendor_0180,1,5,False
4507001069_00190,vendor_0180,1,5,False
4507001069_00200,vendor_0180,1,5,False
4507001069_00210,vendor_0180,1,5,False
4507001069_00220,vendor_0180,1,6,False
4507001069_00230,vendor_0180,1,5,False
4507001069_00240,vendor_0180,1,5,False
4507001069_00250,vendor_0180,1,5,False
4507001069_00260,vendor_0180,1,5,False
4507001069_00270,vendor_0180,1,5,False
4507001069_00280,vendor_0180,1,5,False
4507001069_00290,vendor_0180,1,5,False
4507001069_00300,vendor_0180,1,5,False
4507001069_00310,vendor_0180,1,5,False
4507001069_00320,vendor_0180,1,5,False
4507001069_00330,vendor_0180,1,5,False
4507001069_00340,vendor_0180,1,5,False
4507001069_00350,vendor_0180,1,5,False
4507001069_00360,vendor_0180,1,5,False
4507001069_00370,vendor_0180,1,5,False
4507001069_00380,vendor_0180,1,5,False
4507001069_00390,vendor_0180,1,5,False
4507001069_00400,vendor_0180,1,5,False
4507001069_00410,vendor_0180,1,5,False
4507001069_00420,vendor_0180,1,5,False
4507001069_00430,vendor_0180,1,5,False
4507001069_00440,vendor_0180,1,5,False
4507001069_00450,vendor_0180,1,5,False
4507001070_00010,vendor_0443,1,5,False
4507001071_00010,vendor_0219,1,5,False
4507001072_00010,vendor_0193,1,6,False
4507001073_00010,vendor_0143,1,2,False
4507001074_00010,vendor_0444,1,6,False
4507001075_00010,vendor_0223,1,6,False
4507001075_00020,vendor_0223,1,2,False
4507001076_00010,vendor_0445,1,2,False
4507001077_00010,vendor_0181,1,5,False
4507001078_00010,vendor_0446,1,5,False
4507001079_00010,vendor_0195,1,6,False
4507001079_00020,vendor_0195,1,9,False
4507001079_00030,vendor_0195,1,6,False
4507001080_00010,vendor_0447,1,5,False
4507001081_00010,vendor_0187,1,6,False
4507001082_00010,vendor_0096,1,6,False
4507001082_00020,vendor_0096,1,9,False
4507001083_00010,vendor_0188,1,5,False
4507001084_00010,vendor_0096,1,6,False
4507001084_00020,vendor_0096,1,6,False
4507001084_00030,vendor_0096,1,6,False
4507001084_00040,vendor_0096,1,6,False
4507001084_00050,vendor_0096,1,6,False
4507001084_00060,vendor_0096,1,6,False
4507001084_00070,vendor_0096,1,6,False
4507001084_00080,vendor_0096,1,6,False
4507001084_00090,vendor_0096,1,6,False
4507001084_00100,vendor_0096,1,6,False
4507001084_00110,vendor_0096,1,6,False
4507001084_00120,vendor_0096,1,6,False
4507001084_00130,vendor_0096,1,5,False
4507001084_00140,vendor_0096,1,6,False
4507001084_00150,vendor_0096,1,6,False
4507001084_00160,vendor_0096,1,6,False
4507001084_00170,vendor_0096,1,7,False
4507001084_00180,vendor_0096,1,7,False
4507001084_00190,vendor_0096,1,6,False
4507001084_00200,vendor_0096,1,6,False
4507001084_00210,vendor_0096,1,6,False
4507001084_00220,vendor_0096,1,6,False
4507001084_00230,vendor_0096,1,6,False
4507001084_00240,vendor_0096,1,7,False
4507001084_00250,vendor_0096,1,6,False
4507001084_00260,vendor_0096,1,6,False
4507001084_00270,vendor_0096,1,6,False
4507001084_00280,vendor_0096,1,6,False
4507001084_00290,vendor_0096,1,6,False
4507001084_00300,vendor_0096,1,6,False
4507001084_00310,vendor_0096,1,6,False
4507001084_00320,vendor_0096,1,6,False
4507001085_00010,vendor_0448,1,5,False
4507001086_00010,vendor_0449,1,5,False
4507001087_00010,vendor_0450,1,5,False
4507001088_00010,vendor_0451,1,12,False
4507001089_00010,vendor_0169,1,5,False
4507001090_00010,vendor_0252,1,2,False
4507001090_00020,vendor_0252,1,2,False
4507001091_00010,vendor_0169,1,5,False
4507001091_00020,vendor_0169,1,5,False
4507001091_00030,vendor_0169,1,5,False
4507001092_00010,vendor_0140,1,5,False
4507001093_00010,vendor_0169,1,5,False
4507001093_00020,vendor_0169,1,5,False
4507001094_00010,vendor_0169,1,5,False
4507001094_00020,vendor_0169,1,5,False
4507001095_00010,vendor_0294,1,6,False
4507001096_00010,vendor_0416,1,7,False
4507001096_00020,vendor_0416,1,8,False
4507001096_00030,vendor_0416,1,7,False
4507001096_00040,vendor_0416,1,6,False
4507001096_00050,vendor_0416,1,6,False
4507001096_00060,vendor_0416,1,7,False
4507001096_00070,vendor_0416,1,6,False
4507001096_00080,vendor_0416,1,7,False
4507001096_00090,vendor_0416,1,7,False
4507001096_00100,vendor_0416,1,8,False
4507001096_00110,vendor_0416,1,7,False
4507001097_00010,vendor_0452,1,268,False
4507001098_00010,vendor_0160,1,6,False
4507001098_00020,vendor_0160,1,5,False
4507001098_00030,vendor_0160,1,5,False
4507001098_00040,vendor_0160,1,5,False
4507001098_00050,vendor_0160,1,6,False
4507001098_00060,vendor_0160,1,5,False
4507001098_00070,vendor_0160,1,5,False
4507001098_00080,vendor_0160,1,5,False
4507001098_00090,vendor_0160,1,5,False
4507001098_00100,vendor_0160,1,5,False
4507001098_00110,vendor_0160,1,6,False
4507001098_00120,vendor_0160,1,5,False
4507001098_00130,vendor_0160,1,5,False
4507001098_00140,vendor_0160,1,5,False
4507001098_00150,vendor_0160,1,5,False
4507001099_00010,vendor_0453,1,6,False
4507001099_00020,vendor_0453,1,6,False
4507001099_00030,vendor_0453,1,6,False
4507001099_00040,vendor_0453,1,6,False
4507001099_00050,vendor_0453,1,5,False
4507001099_00060,vendor_0453,1,6,False
4507001099_00070,vendor_0453,1,6,False
4507001099_00080,vendor_0453,1,6,False
4507001099_00090,vendor_0453,1,5,False
4507001099_00100,vendor_0453,1,5,False
4507001099_00110,vendor_0453,1,6,False
4507001099_00120,vendor_0453,1,5,False
4507001099_00130,vendor_0453,1,6,False
4507001099_00140,vendor_0453,1,5,False
4507001099_00150,vendor_0453,1,6,False
4507001099_00160,vendor_0453,1,6,False
4507001099_00170,vendor_0453,1,6,False
4507001099_00180,vendor_0453,1,5,False
4507001099_00190,vendor_0453,1,6,False
4507001099_00200,vendor_0453,1,6,False
4507001100_00010,vendor_0454,1,6,False
4507001100_00020,vendor_0454,1,7,False
4507001101_00010,vendor_0174,1,6,False
4507001101_00020,vendor_0174,1,6,False
4507001101_00030,vendor_0174,1,6,False
4507001101_00040,vendor_0174,1,6,False
4507001101_00050,vendor_0174,1,6,False
4507001101_00060,vendor_0174,1,6,False
4507001101_00070,vendor_0174,1,6,False
4507001101_00080,vendor_0174,1,6,False
4507001101_00090,vendor_0174,1,6,False
4507001101_00100,vendor_0174,1,6,False
4507001101_00110,vendor_0174,1,6,False
4507001101_00120,vendor_0174,1,6,False
4507001101_00130,vendor_0174,1,6,False
4507001101_00140,vendor_0174,1,6,False
4507001102_00001,vendor_0225,1,86,False
4507001103_00001,vendor_0226,1,29,False
4507001104_00001,vendor_0227,1,8,False
4507001105_00001,vendor_0228,1,14,False
4507001106_00001,vendor_0455,1,20,False
4507001107_00001,vendor_0353,1,15,False
4507001108_00001,vendor_0352,1,11,False
4507001109_00001,vendor_0354,1,5,False
4507001110_00001,vendor_0355,1,3,False
4507001111_00001,vendor_0229,1,238,False
4507001112_00001,vendor_0230,1,20,False
4507001113_00001,vendor_0456,1,92,False
4507001114_00001,vendor_0457,1,121,False
4507001115_00001,vendor_0458,1,13,False
4507001116_00010,vendor_0103,1,7,False
4507001116_00020,vendor_0103,1,7,False
4507001116_00030,vendor_0103,1,6,False
4507001116_00040,vendor_0103,1,6,False
4507001116_00050,vendor_0103,1,6,False
4507001116_00060,vendor_0103,1,7,False
4507001116_00070,vendor_0103,1,7,False
4507001116_00080,vendor_0103,1,6,False
4507001116_00090,vendor_0103,1,7,False
4507001116_00100,vendor_0103,1,7,False
4507001117_00010,vendor_0105,1,6,False
4507001117_00020,vendor_0105,1,6,False
4507001117_00030,vendor_0105,1,6,False
4507001117_00040,vendor_0105,1,6,False
4507001118_00010,vendor_0106,1,5,False
4507001118_00020,vendor_0106,1,5,False
4507001118_00030,vendor_0106,1,5,False
4507001118_00040,vendor_0106,1,5,False
4507001118_00050,vendor_0106,1,5,False
4507001119_00010,vendor_0104,1,5,False
4507001120_00010,vendor_0236,1,6,False
4507001121_00010,vendor_0114,1,6,False
4507001121_00020,vendor_0114,1,6,False
4507001121_00030,vendor_0114,1,6,False
4507001121_00040,vendor_0114,1,6,False
4507001121_00050,vendor_0114,1,6,False
4507001121_00060,vendor_0114,1,6,False
4507001121_00070,vendor_0114,1,6,False
4507001121_00080,vendor_0114,1,6,False
4507001121_00090,vendor_0114,1,6,False
4507001122_00010,vendor_0459,1,5,False
4507001122_00020,vendor_0459,1,5,False
4507001122_00030,vendor_0459,1,5,False
4507001122_00040,vendor_0459,1,5,False
4507001122_00050,vendor_0459,1,5,False
4507001122_00060,vendor_0459,1,5,False
4507001122_00070,vendor_0459,1,5,False
4507001123_00010,vendor_0156,1,6,False
4507001123_00020,vendor_0156,1,6,False
4507001123_00030,vendor_0156,1,6,False
4507001123_00040,vendor_0156,1,5,False
4507001124_00010,vendor_0231,1,5,False
4507001124_00020,vendor_0231,1,5,False
4507001124_00030,vendor_0231,1,5,False
4507001124_00040,vendor_0231,1,5,False
4507001124_00050,vendor_0231,1,5,False
4507001124_00060,vendor_0231,1,5,False
4507001124_00070,vendor_0231,1,5,False
4507001124_00080,vendor_0231,1,5,False
4507001124_00090,vendor_0231,1,5,False
4507001124_00100,vendor_0231,1,5,False
4507001124_00110,vendor_0231,1,5,False
4507001124_00120,vendor_0231,1,5,False
4507001124_00130,vendor_0231,1,5,False
4507001124_00140,vendor_0231,1,6,False
4507001124_00150,vendor_0231,1,5,False
4507001124_00160,vendor_0231,1,5,False
4507001124_00170,vendor_0231,1,5,False
4507001124_00180,vendor_0231,1,5,False
4507001124_00190,vendor_0231,1,5,False
4507001124_00200,vendor_0231,1,5,False
4507001124_00210,vendor_0231,1,5,False
4507001125_00010,vendor_0232,1,6,False
4507001125_00020,vendor_0232,1,6,False
4507001125_00030,vendor_0232,1,6,False
4507001125_00040,vendor_0232,1,6,False
4507001125_00050,vendor_0232,1,6,False
4507001125_00060,vendor_0232,1,6,False
4507001126_00010,vendor_0460,1,7,False
4507001127_00010,vendor_0234,1,5,False
4507001127_00020,vendor_0234,1,5,False
4507001127_00030,vendor_0234,1,5,False
4507001128_00010,vendor_0121,1,5,False
4507001128_00020,vendor_0121,1,5,False
4507001128_00030,vendor_0121,1,5,False
4507001128_00040,vendor_0121,1,5,False
4507001129_00010,vendor_0241,1,5,False
4507001129_00020,vendor_0241,1,5,False
4507001130_00010,vendor_0461,1,6,False
4507001130_00020,vendor_0461,1,5,False
4507001131_00010,vendor_0233,1,5,False
4507001131_00020,vendor_0233,1,9,False
4507001131_00030,vendor_0233,1,9,False
4507001131_00040,vendor_0233,1,9,False
4507001131_00050,vendor_0233,1,9,False
4507001132_00010,vendor_0194,1,7,False
4507001132_00020,vendor_0194,1,7,False
4507001132_00030,vendor_0194,1,7,False
4507001132_00040,vendor_0194,1,7,False
4507001132_00050,vendor_0194,1,7,False
4507001132_00060,vendor_0194,1,7,False
4507001132_00070,vendor_0194,1,7,False
4507001133_00001,vendor_0119,1,6,False
4507001134_00010,vendor_0462,1,5,False
4507001134_00020,vendor_0462,1,5,False
4507001134_00030,vendor_0462,1,5,False
4507001134_00040,vendor_0462,1,5,False
4507001134_00050,vendor_0462,1,5,False
4507001135_00010,vendor_0224,1,5,False
4507001136_00010,vendor_0463,1,7,False
4507001137_00010,vendor_0110,1,6,False
4507001137_00020,vendor_0110,1,6,False
4507001137_00030,vendor_0110,1,6,False
4507001137_00040,vendor_0110,1,6,False
4507001137_00050,vendor_0110,1,6,False
4507001137_00060,vendor_0110,1,6,False
4507001137_00070,vendor_0110,1,6,False
4507001137_00080,vendor_0110,1,6,False
4507001137_00090,vendor_0110,1,6,False
4507001137_00100,vendor_0110,1,6,False
4507001137_00110,vendor_0110,1,6,False
4507001137_00120,vendor_0110,1,6,False
4507001137_00130,vendor_0110,1,6,False
4507001137_00140,vendor_0110,1,6,False
4507001137_00150,vendor_0110,1,6,False
4507001137_00160,vendor_0110,1,6,False
4507001137_00170,vendor_0110,1,6,False
4507001137_00180,vendor_0110,1,6,False
4507001137_00190,vendor_0110,1,6,False
4507001137_00200,vendor_0110,1,7,False
4507001137_00210,vendor_0110,1,6,False
4507001137_00220,vendor_0110,1,6,False
4507001137_00230,vendor_0110,1,6,False
4507001137_00240,vendor_0110,1,9,False
4507001137_00250,vendor_0110,1,9,False
4507001138_00010,vendor_0143,1,5,False
4507001139_00010,vendor_0464,1,2,False
4507001140_00010,vendor_0400,1,5,False
4507001140_00020,vendor_0400,1,5,False
4507001141_00010,vendor_0406,1,6,False
4507001142_00010,vendor_0111,1,5,False
4507001142_00020,vendor_0111,1,5,False
4507001142_00030,vendor_0111,1,5,False
4507001142_00040,vendor_0111,1,5,False
4507001142_00050,vendor_0111,1,5,False
4507001142_00060,vendor_0111,1,5,False
4507001142_00070,vendor_0111,1,5,False
4507001142_00080,vendor_0111,1,5,False
4507001142_00090,vendor_0111,1,5,False
4507001143_00010,vendor_0233,1,5,False
4507001143_00020,vendor_0233,1,5,False
4507001143_00030,vendor_0233,1,5,False
4507001144_00010,vendor_0188,1,5,False
4507001145_00010,vendor_0465,1,5,False
4507001146_00010,vendor_0274,1,3,False
4507001147_00010,vendor_0241,1,6,False
4507001147_00020,vendor_0241,1,6,False
4507001147_00030,vendor_0241,1,6,False
4507001147_00040,vendor_0241,1,6,False
4507001148_00010,vendor_0466,1,5,False
4507001148_00020,vendor_0466,1,5,False
4507001149_00010,vendor_0121,1,8,False
4507001149_00020,vendor_0121,1,5,False
4507001149_00030,vendor_0121,1,5,False
4507001149_00040,vendor_0121,1,3,False
4507001150_00010,vendor_0432,1,5,False
4507001151_00010,vendor_0107,1,5,False
4507001152_00010,vendor_0107,1,5,False
4507001153_00010,vendor_0291,1,5,False
4507001154_00010,vendor_0467,1,6,False
4507001154_00020,vendor_0467,1,6,False
4507001154_00030,vendor_0467,1,6,False
4507001154_00040,vendor_0467,1,6,False
4507001154_00050,vendor_0467,1,6,False
4507001155_00010,vendor_0135,1,5,False
4507001156_00010,vendor_0135,1,5,False
4507001156_00020,vendor_0135,1,5,False
4507001156_00030,vendor_0135,1,5,False
4507001156_00040,vendor_0135,1,5,False
4507001156_00050,vendor_0135,1,5,False
4507001156_00060,vendor_0135,1,5,False
4507001157_00010,vendor_0429,1,6,False
4507001158_00010,vendor_0109,1,5,False
4507001159_00010,vendor_0468,1,2,False
4507001160_00010,vendor_0124,1,6,False
4507001160_00020,vendor_0124,1,6,False
4507001161_00010,vendor_0469,1,5,False
4507001161_00020,vendor_0469,1,5,False
4507001162_00010,vendor_0266,1,7,False
4507001162_00020,vendor_0266,1,5,False
4507001162_00030,vendor_0266,1,5,False
4507001162_00040,vendor_0266,1,5,False
4507001163_00010,vendor_0135,1,10,False
4507001163_00020,vendor_0135,1,6,False
4507001163_00030,vendor_0135,1,6,False
4507001163_00040,vendor_0135,1,6,False
4507001163_00050,vendor_0135,1,5,False
4507001163_00060,vendor_0135,1,6,False
4507001163_00070,vendor_0135,1,5,False
4507001163_00080,vendor_0135,1,6,False
4507001163_00090,vendor_0135,1,6,False
4507001163_00100,vendor_0135,1,6,False
4507001164_00010,vendor_0119,1,5,False
4507001164_00020,vendor_0119,1,5,False
4507001164_00030,vendor_0119,1,5,False
4507001164_00040,vendor_0119,1,5,False
4507001164_00050,vendor_0119,1,5,False
4507001164_00060,vendor_0119,1,5,False
4507001164_00070,vendor_0119,1,5,False
4507001164_00080,vendor_0119,1,5,False
4507001164_00090,vendor_0119,1,5,False
4507001164_00100,vendor_0119,1,5,False
4507001164_00110,vendor_0119,1,5,False
4507001164_00120,vendor_0119,1,6,False
4507001164_00130,vendor_0119,1,5,False
4507001164_00140,vendor_0119,1,5,False
4507001165_00010,vendor_0164,1,5,False
4507001166_00010,vendor_0164,1,9,False
4507001167_00010,vendor_0164,1,8,False
4507001168_00010,vendor_0231,1,5,False
4507001168_00020,vendor_0231,1,5,False
4507001168_00030,vendor_0231,1,5,False
4507001169_00010,vendor_0470,1,6,False
4507001170_00010,vendor_0103,1,6,False
4507001170_00020,vendor_0103,1,6,False
4507001170_00030,vendor_0103,1,6,False
4507001170_00040,vendor_0103,1,6,False
4507001170_00050,vendor_0103,1,6,False
4507001170_00060,vendor_0103,1,6,False
4507001171_00010,vendor_0145,1,6,False
4507001171_00020,vendor_0145,1,6,False
4507001171_00030,vendor_0145,1,6,False
4507001171_00040,vendor_0145,1,6,False
4507001171_00050,vendor_0145,1,6,False
4507001171_00060,vendor_0145,1,6,False
4507001171_00070,vendor_0145,1,6,False
4507001171_00080,vendor_0145,1,6,False
4507001171_00090,vendor_0145,1,6,False
4507001171_00100,vendor_0145,1,6,False
4507001171_00110,vendor_0145,1,6,False
4507001171_00120,vendor_0145,1,6,False
4507001171_00130,vendor_0145,1,6,False
4507001171_00140,vendor_0145,1,6,False
4507001171_00150,vendor_0145,1,6,False
4507001171_00160,vendor_0145,1,6,False
4507001171_00170,vendor_0145,1,6,False
4507001171_00180,vendor_0145,1,6,False
4507001171_00190,vendor_0145,1,6,False
4507001172_00010,vendor_0103,1,6,False
4507001172_00020,vendor_0103,1,6,False
4507001172_00030,vendor_0103,1,6,False
4507001172_00040,vendor_0103,1,6,False
4507001172_00050,vendor_0103,1,6,False
4507001173_00010,vendor_0145,1,5,False
4507001173_00020,vendor_0145,1,5,False
4507001173_00030,vendor_0145,1,5,False
4507001173_00040,vendor_0145,1,2,False
4507001173_00050,vendor_0145,1,2,False
4507001173_00060,vendor_0145,1,2,False
4507001174_00010,vendor_0213,1,5,False
4507001175_00010,vendor_0119,1,5,False
4507001176_00010,vendor_0197,1,7,False
4507001176_00020,vendor_0197,1,7,False
4507001176_00030,vendor_0197,1,6,False
4507001176_00040,vendor_0197,1,5,False
4507001176_00050,vendor_0197,1,6,False
4507001177_00010,vendor_0119,1,5,False
4507001177_00020,vendor_0119,1,6,False
4507001177_00030,vendor_0119,1,10,False
4507001177_00040,vendor_0119,1,6,False
4507001177_00050,vendor_0119,1,6,False
4507001177_00060,vendor_0119,1,2,False
4507001177_00070,vendor_0119,1,2,False
4507001177_00080,vendor_0119,1,2,False
4507001178_00010,vendor_0267,1,6,False
4507001178_00020,vendor_0267,1,2,False
4507001178_00030,vendor_0267,1,3,False
4507001178_00040,vendor_0267,1,5,False
4507001178_00050,vendor_0267,1,5,False
4507001178_00060,vendor_0267,1,5,False
4507001178_00070,vendor_0267,1,5,False
4507001179_00010,vendor_0290,1,3,False
4507001180_00010,vendor_0135,1,5,False
4507001180_00020,vendor_0135,1,5,False
4507001180_00030,vendor_0135,1,5,False
4507001180_00040,vendor_0135,1,5,False
4507001180_00050,vendor_0135,1,5,False
4507001180_00060,vendor_0135,1,5,False
4507001180_00070,vendor_0135,1,5,False
4507001180_00080,vendor_0135,1,5,False
4507001180_00090,vendor_0135,1,5,False
4507001180_00100,vendor_0135,1,5,False
4507001181_00010,vendor_0424,1,5,False
4507001181_00020,vendor_0424,1,5,False
4507001181_00030,vendor_0424,1,2,False
4507001182_00010,vendor_0471,1,7,False
4507001183_00010,vendor_0410,1,2,False
4507001184_00010,vendor_0410,1,3,False
4507001185_00010,vendor_0472,1,7,False
4507001185_00020,vendor_0472,1,5,False
4507001185_00030,vendor_0472,1,6,False
4507001185_00040,vendor_0472,1,6,False
4507001186_00010,vendor_0306,1,2,False
4507001187_00010,vendor_0424,1,7,False
4507001187_00020,vendor_0424,1,6,False
4507001187_00030,vendor_0424,1,7,False
4507001187_00040,vendor_0424,1,6,False
4507001188_00030,vendor_0363,1,5,False
4507001189_00010,vendor_0473,1,5,False
4507001190_00010,vendor_0306,1,2,False
4507001191_00010,vendor_0104,1,8,False
4507001191_00020,vendor_0104,1,6,False
4507001191_00030,vendor_0104,1,7,False
4507001192_00010,vendor_0442,1,5,False
4507001193_00010,vendor_0104,1,6,False
4507001193_00020,vendor_0104,1,6,False
4507001194_00010,vendor_0106,1,6,False
4507001194_00020,vendor_0106,1,6,False
4507001195_00010,vendor_0106,1,5,False
4507001196_00010,vendor_0429,1,5,False
4507001197_00010,vendor_0474,1,6,False
4507001198_00010,vendor_0181,1,6,False
4507001199_00010,vendor_0223,1,7,False
4507001200_00010,vendor_0143,1,2,False
4507001201_00010,vendor_0275,1,5,False
4507001201_00020,vendor_0275,1,6,False
4507001201_00030,vendor_0275,1,7,False
4507001202_00010,vendor_0475,1,2,False
4507001203_00010,vendor_0475,1,2,False
4507001204_00010,vendor_0475,1,2,False
4507001205_00010,vendor_0143,1,7,False
4507001206_00010,vendor_0135,1,5,False
4507001206_00020,vendor_0135,1,5,False
4507001207_00010,vendor_0164,1,6,False
4507001208_00010,vendor_0164,1,5,False
4507001209_00010,vendor_0164,1,5,False
4507001210_00010,vendor_0164,1,5,False
4507001211_00010,vendor_0164,1,5,False
4507001212_00010,vendor_0163,1,6,False
4507001213_00010,vendor_0269,1,5,False
4507001213_00020,vendor_0269,1,5,False
4507001213_00030,vendor_0269,1,5,False
4507001214_00010,vendor_0476,1,5,False
4507001214_00020,vendor_0476,1,5,False
4507001214_00030,vendor_0476,1,5,False
4507001214_00040,vendor_0476,1,5,False
4507001214_00050,vendor_0476,1,5,False
4507001214_00060,vendor_0476,1,5,False
4507001214_00070,vendor_0476,1,5,False
4507001214_00080,vendor_0476,1,5,False
4507001214_00090,vendor_0476,1,5,False
4507001214_00100,vendor_0476,1,5,False
4507001214_00110,vendor_0476,1,5,False
4507001214_00120,vendor_0476,1,5,False
4507001214_00130,vendor_0476,1,5,False
4507001214_00140,vendor_0476,1,5,False
4507001215_00010,vendor_0184,1,5,False
4507001216_00010,vendor_0477,1,6,False
4507001217_00010,vendor_0344,1,2,False
4507001217_00020,vendor_0344,1,2,False
4507001218_00010,vendor_0062,1,5,False
4507001219_00010,vendor_0124,1,6,False
4507001220_00010,vendor_0217,1,2,False
4507001221_00010,vendor_0290,1,5,False
4507001222_00010,vendor_0290,1,3,False
4507001222_00020,vendor_0290,1,3,False
4507001223_00010,vendor_0478,1,5,False
4507001224_00010,vendor_0479,1,5,False
4507001224_00020,vendor_0479,1,5,False
4507001225_00010,vendor_0479,1,6,False
4507001226_00010,vendor_0480,1,5,False
4507001227_00010,vendor_0139,1,5,False
4507001228_00010,vendor_0452,1,5,False
4507001228_00020,vendor_0452,1,5,False
4507001229_00010,vendor_0143,1,6,False
4507001230_00010,vendor_0143,1,8,False
4507001231_00010,vendor_0269,1,5,False
4507001232_00010,vendor_0481,1,5,False
4507001232_00020,vendor_0481,1,5,False
4507001232_00030,vendor_0481,1,5,False
4507001232_00040,vendor_0481,1,3,False
4507001232_00050,vendor_0481,1,5,False
4507001232_00060,vendor_0481,1,3,False
4507001232_00070,vendor_0481,1,5,False
4507001233_00010,vendor_0481,1,5,False
4507001233_00020,vendor_0481,1,5,False
4507001233_00030,vendor_0481,1,5,False
4507001233_00040,vendor_0481,1,5,False
4507001233_00050,vendor_0481,1,5,False
4507001233_00060,vendor_0481,1,5,False
4507001233_00070,vendor_0481,1,2,False
4507001233_00080,vendor_0481,1,5,False
4507001233_00090,vendor_0481,1,5,False
4507001234_00010,vendor_0482,1,5,False
4507001234_00020,vendor_0482,1,5,False
4507001234_00030,vendor_0482,1,5,False
4507001234_00040,vendor_0482,1,5,False
4507001234_00050,vendor_0482,1,5,False
4507001235_00010,vendor_0274,1,3,False
4507001236_00010,vendor_0483,1,5,False
4507001236_00020,vendor_0483,1,5,False
4507001236_00030,vendor_0483,1,5,False
4507001236_00040,vendor_0483,1,5,False
4507001236_00050,vendor_0483,1,5,False
4507001236_00060,vendor_0483,1,5,False
4507001236_00070,vendor_0483,1,5,False
4507001236_00080,vendor_0483,1,5,False
4507001236_00090,vendor_0483,1,5,False
4507001236_00100,vendor_0483,1,5,False
4507001237_00010,vendor_0252,1,2,False
4507001238_00010,vendor_0257,1,11,False
4507001238_00020,vendor_0257,1,5,False
4507001238_00030,vendor_0257,1,5,False
4507001238_00040,vendor_0257,1,8,False
4507001238_00050,vendor_0257,1,2,False
4507001238_00060,vendor_0257,1,6,False
4507001238_00070,vendor_0257,1,5,False
4507001238_00080,vendor_0257,1,5,False
4507001238_00090,vendor_0257,1,10,False
4507001238_00100,vendor_0257,1,6,False
4507001238_00110,vendor_0257,1,2,False
4507001238_00120,vendor_0257,1,5,False
4507001238_00130,vendor_0257,1,6,False
4507001238_00140,vendor_0257,1,9,False
4507001238_00150,vendor_0257,1,6,False
4507001238_00160,vendor_0257,1,5,False
4507001238_00170,vendor_0257,1,5,False
4507001238_00180,vendor_0257,1,5,False
4507001238_00190,vendor_0257,1,2,False
4507001238_00200,vendor_0257,1,5,False
4507001238_00210,vendor_0257,1,6,False
4507001238_00220,vendor_0257,1,5,False
4507001238_00230,vendor_0257,1,5,False
4507001238_00240,vendor_0257,1,3,False
4507001238_00250,vendor_0257,1,6,False
4507001238_00260,vendor_0257,1,5,False
4507001238_00270,vendor_0257,1,5,False
4507001238_00280,vendor_0257,1,5,False
4507001239_00010,vendor_0257,1,2,False
4507001239_00020,vendor_0257,1,5,False
4507001239_00030,vendor_0257,1,2,False
4507001239_00040,vendor_0257,1,2,False
4507001239_00050,vendor_0257,1,2,False
4507001239_00060,vendor_0257,1,2,False
4507001239_00070,vendor_0257,1,2,False
4507001239_00080,vendor_0257,1,2,False
4507001239_00090,vendor_0257,1,6,False
4507001239_00100,vendor_0257,1,6,False
4507001239_00110,vendor_0257,1,6,False
4507001239_00120,vendor_0257,1,10,False
4507001239_00130,vendor_0257,1,5,False
4507001239_00140,vendor_0257,1,2,False
4507001239_00150,vendor_0257,1,6,False
4507001239_00160,vendor_0257,1,2,False
4507001239_00170,vendor_0257,1,5,False
4507001239_00180,vendor_0257,1,7,False
4507001239_00190,vendor_0257,1,2,False
4507001239_00200,vendor_0257,1,2,False
4507001239_00210,vendor_0257,1,6,False
4507001239_00220,vendor_0257,1,2,False
4507001239_00230,vendor_0257,1,5,False
4507001239_00240,vendor_0257,1,5,False
4507001239_00250,vendor_0257,1,3,False
4507001240_00010,vendor_0484,1,5,False
4507001241_00010,vendor_0485,1,7,False
4507001241_00020,vendor_0485,1,6,False
4507001242_00010,vendor_0257,1,6,False
4507001242_00020,vendor_0257,1,5,False
4507001242_00030,vendor_0257,1,6,False
4507001242_00040,vendor_0257,1,6,False
4507001242_00050,vendor_0257,1,10,False
4507001242_00060,vendor_0257,1,5,False
4507001242_00070,vendor_0257,1,6,False
4507001242_00080,vendor_0257,1,6,False
4507001242_00090,vendor_0257,1,5,False
4507001242_00100,vendor_0257,1,6,False
4507001242_00110,vendor_0257,1,13,False
4507001242_00120,vendor_0257,1,6,False
4507001242_00130,vendor_0257,1,5,False
4507001242_00140,vendor_0257,1,6,False
4507001242_00150,vendor_0257,1,5,False
4507001242_00160,vendor_0257,1,6,False
4507001242_00170,vendor_0257,1,5,False
4507001242_00180,vendor_0257,1,6,False
4507001242_00190,vendor_0257,1,5,False
4507001242_00200,vendor_0257,1,5,False
4507001242_00210,vendor_0257,1,5,False
4507001242_00220,vendor_0257,1,5,False
4507001242_00230,vendor_0257,1,5,False
4507001242_00240,vendor_0257,1,6,False
4507001242_00250,vendor_0257,1,2,False
4507001242_00260,vendor_0257,1,12,False
4507001242_00270,vendor_0257,1,6,False
4507001242_00280,vendor_0257,1,5,False
4507001242_00290,vendor_0257,1,6,False
4507001242_00300,vendor_0257,1,7,False
4507001242_00310,vendor_0257,1,5,False
4507001243_00010,vendor_0154,1,9,False
4507001243_00020,vendor_0154,1,3,False
4507001244_00010,vendor_0469,1,12,False
4507001245_00010,vendor_0252,1,8,False
4507001246_00010,vendor_0486,1,14,False
4507001246_00020,vendor_0486,1,2,False
4507001246_00030,vendor_0486,1,3,False
4507001246_00040,vendor_0486,1,6,False
4507001246_00050,vendor_0486,1,13,False
4507001246_00060,vendor_0486,1,5,False
4507001246_00070,vendor_0486,1,6,False
4507001246_00080,vendor_0486,1,7,False
4507001247_00001,vendor_0452,1,26,False
4507001248_00010,vendor_0252,1,7,False
4507001249_00010,vendor_0252,1,8,False
4507001250_00010,vendor_0252,1,8,False
4507001251_00010,vendor_0192,1,6,False
4507001252_00010,vendor_0487,1,2,False
4507001253_00010,vendor_0488,1,6,False
4507001254_00010,vendor_0489,1,7,False
4507001254_00020,vendor_0489,1,7,False
4507001254_00030,vendor_0489,1,7,False
4507001255_00010,vendor_0490,1,8,False
4507001256_00010,vendor_0293,1,5,False
4507001256_00020,vendor_0293,1,5,False
4507001257_00010,vendor_0135,1,5,False
4507001257_00020,vendor_0135,1,6,False
4507001257_00030,vendor_0135,1,5,False
4507001257_00040,vendor_0135,1,5,False
4507001257_00050,vendor_0135,1,2,False
4507001257_00060,vendor_0135,1,2,False
4507001258_00010,vendor_0274,1,3,False
4507001258_00020,vendor_0274,1,3,False
4507001259_00010,vendor_0491,1,11,False
4507001260_00010,vendor_0213,1,6,False
4507001261_00010,vendor_0330,1,40,False
4507001262_00010,vendor_0492,1,5,False
4507001263_00010,vendor_0124,1,6,False
4507001264_00010,vendor_0394,1,2,False
4507001265_00010,vendor_0493,1,63,False
4507001266_00010,vendor_0173,1,5,False
4507001266_00020,vendor_0173,1,7,False
4507001266_00030,vendor_0173,1,5,False
4507001267_00010,vendor_0192,1,2,False
4507001267_00020,vendor_0192,1,5,False
4507001267_00030,vendor_0192,1,6,False
4507001268_00010,vendor_0494,1,15,False
4507001269_00010,vendor_0493,1,162,False
4507001270_00010,vendor_0495,1,5,False
4507001271_00010,vendor_0496,1,2,False
4507001272_00010,vendor_0325,1,2,False
4507001273_00010,vendor_0497,1,6,False
4507001274_00010,vendor_0498,1,5,False
4507001275_00010,vendor_0036,1,2,False
4507001276_00010,vendor_0499,1,18,False
4507001277_00010,vendor_0500,1,2,False
4507001278_00010,vendor_0501,1,2,False
4507001278_00020,vendor_0501,1,2,False
4507001278_00030,vendor_0501,1,2,False
4507001278_00040,vendor_0501,1,4,False
4507001278_00050,vendor_0501,1,2,False
4507001278_00060,vendor_0501,1,2,False
4507001278_00070,vendor_0501,1,2,False
4507001278_00080,vendor_0501,1,2,False
4507001278_00090,vendor_0501,1,2,False
4507001278_00100,vendor_0501,1,2,False
4507001278_00110,vendor_0501,1,3,False
4507001278_00120,vendor_0501,1,2,False
4507001278_00130,vendor_0501,1,3,False
4507001278_00140,vendor_0501,1,2,False
4507001278_00150,vendor_0501,1,3,False
4507001278_00160,vendor_0501,1,2,False
4507001278_00170,vendor_0501,1,2,False
4507001278_00180,vendor_0501,1,2,False
4507001278_00190,vendor_0501,1,2,False
4507001278_00200,vendor_0501,1,2,False
4507001278_00210,vendor_0501,1,2,False
4507001278_00220,vendor_0501,1,2,False
4507001278_00230,vendor_0501,1,2,False
4507001278_00240,vendor_0501,1,2,False
4507001279_00010,vendor_0502,1,7,False
4507001280_00010,vendor_0503,1,6,False
4507001281_00010,vendor_0504,1,140,False
4507001282_00010,vendor_0505,1,6,False
4507001282_00020,vendor_0505,1,6,False
4507001283_00010,vendor_0210,1,3,False
4507001284_00010,vendor_0307,1,6,False
4507001284_00020,vendor_0307,1,5,False
4507001284_00030,vendor_0307,1,6,False
4507001284_00040,vendor_0307,1,6,False
4507001284_00050,vendor_0307,1,6,False
4507001284_00060,vendor_0307,1,10,False
4507001284_00070,vendor_0307,1,6,False
4507001285_00010,vendor_0165,1,5,False
4507001285_00030,vendor_0165,1,7,False
4507001285_00040,vendor_0165,1,6,False
4507001285_00050,vendor_0165,1,5,False
4507001286_00010,vendor_0506,1,6,False
4507001286_00020,vendor_0506,1,7,False
4507001286_00030,vendor_0506,1,6,False
4507001286_00040,vendor_0506,1,6,False
4507001286_00050,vendor_0506,1,5,False
4507001287_00010,vendor_0507,1,6,False
4507001288_00010,vendor_0256,1,5,False
4507001288_00020,vendor_0256,1,6,False
4507001288_00030,vendor_0256,1,6,False
4507001288_00040,vendor_0256,1,5,False
4507001288_00050,vendor_0256,1,13,False
4507001288_00060,vendor_0256,1,5,False
4507001288_00070,vendor_0256,1,5,False
4507001288_00080,vendor_0256,1,5,False
4507001288_00090,vendor_0256,1,5,False
4507001288_00100,vendor_0256,1,5,False
4507001288_00110,vendor_0256,1,5,False
4507001288_00120,vendor_0256,1,5,False
4507001288_00130,vendor_0256,1,3,False
4507001289_00010,vendor_0173,1,6,False
4507001289_00020,vendor_0173,1,10,False
4507001290_00010,vendor_0508,1,6,False
4507001290_00020,vendor_0508,1,5,False
4507001290_00030,vendor_0508,1,5,False
4507001290_00040,vendor_0508,1,5,False
4507001290_00050,vendor_0508,1,5,False
4507001290_00060,vendor_0508,1,11,False
4507001290_00070,vendor_0508,1,5,False
4507001290_00080,vendor_0508,1,5,False
4507001290_00090,vendor_0508,1,5,False
4507001290_00100,vendor_0508,1,5,False
4507001290_00110,vendor_0508,1,5,False
4507001290_00120,vendor_0508,1,5,False
4507001290_00130,vendor_0508,1,5,False
4507001290_00140,vendor_0508,1,5,False
4507001290_00150,vendor_0508,1,5,False
4507001290_00160,vendor_0508,1,5,False
4507001290_00170,vendor_0508,1,6,False
4507001290_00180,vendor_0508,1,5,False
4507001290_00190,vendor_0508,1,6,False
4507001290_00200,vendor_0508,1,5,False
4507001290_00210,vendor_0508,1,13,False
4507001290_00220,vendor_0508,1,5,False
4507001290_00230,vendor_0508,1,5,False
4507001290_00240,vendor_0508,1,6,False
4507001291_00010,vendor_0135,1,5,False
4507001291_00020,vendor_0135,1,5,False
4507001291_00030,vendor_0135,1,5,False
4507001291_00040,vendor_0135,1,5,False
4507001291_00050,vendor_0135,1,5,False
4507001291_00060,vendor_0135,1,7,False
4507001291_00070,vendor_0135,1,5,False
4507001291_00080,vendor_0135,1,5,False
4507001291_00090,vendor_0135,1,5,False
4507001292_00010,vendor_0509,1,5,False
4507001292_00020,vendor_0509,1,6,False
4507001292_00030,vendor_0509,1,6,False
4507001292_00040,vendor_0509,1,5,False
4507001292_00050,vendor_0509,1,5,False
4507001292_00060,vendor_0509,1,5,False
4507001292_00070,vendor_0509,1,5,False
4507001292_00080,vendor_0509,1,5,False
4507001292_00090,vendor_0509,1,5,False
4507001292_00100,vendor_0509,1,6,False
4507001292_00110,vendor_0509,1,5,False
4507001292_00120,vendor_0509,1,6,False
4507001292_00130,vendor_0509,1,6,False
4507001292_00140,vendor_0509,1,6,False
4507001292_00150,vendor_0509,1,6,False
4507001292_00160,vendor_0509,1,6,False
4507001292_00170,vendor_0509,1,6,False
4507001292_00180,vendor_0509,1,5,False
4507001292_00190,vendor_0509,1,6,False
4507001292_00200,vendor_0509,1,5,False
4507001292_00210,vendor_0509,1,5,False
4507001293_00010,vendor_0510,1,5,False
4507001294_00010,vendor_0344,1,2,False
4507001295_00010,vendor_0344,1,3,False
4507001296_00010,vendor_0408,1,2,False
4507001297_00010,vendor_0511,1,5,False
4507001297_00020,vendor_0511,1,5,False
4507001297_00030,vendor_0511,1,5,False
4507001297_00040,vendor_0511,1,5,False
4507001297_00050,vendor_0511,1,5,False
4507001297_00060,vendor_0511,1,5,False
4507001297_00070,vendor_0511,1,5,False
4507001297_00080,vendor_0511,1,5,False
4507001297_00090,vendor_0511,1,5,False
4507001297_00100,vendor_0511,1,5,False
4507001297_00110,vendor_0511,1,5,False
4507001297_00120,vendor_0511,1,2,False
4507001297_00130,vendor_0511,1,5,False
4507001297_00140,vendor_0511,1,5,False
4507001297_00150,vendor_0511,1,5,False
4507001297_00160,vendor_0511,1,12,False
4507001297_00170,vendor_0511,1,5,False
4507001297_00180,vendor_0511,1,5,False
4507001297_00190,vendor_0511,1,5,False
4507001297_00200,vendor_0511,1,5,False
4507001297_00210,vendor_0511,1,5,False
4507001297_00220,vendor_0511,1,5,False
4507001297_00230,vendor_0511,1,5,False
4507001297_00240,vendor_0511,1,5,False
4507001297_00250,vendor_0511,1,5,False
4507001297_00260,vendor_0511,1,5,False
4507001297_00270,vendor_0511,1,5,False
4507001297_00280,vendor_0511,1,2,False
4507001297_00290,vendor_0511,1,5,False
4507001297_00300,vendor_0511,1,5,False
4507001297_00310,vendor_0511,1,6,False
4507001297_00320,vendor_0511,1,5,False
4507001297_00330,vendor_0511,1,5,False
4507001297_00340,vendor_0511,1,5,False
4507001297_00350,vendor_0511,1,5,False
4507001297_00360,vendor_0511,1,5,False
4507001297_00370,vendor_0511,1,4,False
4507001298_00010,vendor_0135,1,5,False
4507001299_00010,vendor_0512,1,10,False
4507001299_00020,vendor_0512,1,10,False
4507001300_00010,vendor_0408,1,5,False
4507001300_00020,vendor_0408,1,14,False
4507001300_00030,vendor_0408,1,5,False
4507001300_00040,vendor_0408,1,7,False
4507001301_00010,vendor_0165,1,6,False
4507001302_00010,vendor_0106,1,7,False
4507001302_00020,vendor_0106,1,7,False
4507001302_00030,vendor_0106,1,7,False
4507001302_00040,vendor_0106,1,10,False
4507001303_00010,vendor_0513,1,5,False
4507001304_00010,vendor_0514,1,4,False
4507001304_00020,vendor_0514,1,3,False
4507001304_00030,vendor_0514,1,2,False
4507001305_00010,vendor_0409,1,9,False
4507001306_00010,vendor_0515,1,235,False
4507001307_00010,vendor_0516,1,28,False
4507001308_00010,vendor_0517,1,96,False
4507001309_00001,vendor_0225,1,94,False
4507001310_00001,vendor_0226,1,14,False
4507001311_00001,vendor_0354,1,5,False
4507001312_00001,vendor_0353,1,9,False
4507001313_00001,vendor_0229,1,275,False
4507001314_00001,vendor_0230,1,11,False
4507001315_00001,vendor_0456,1,68,False
4507001316_00001,vendor_0458,1,18,False
4507001317_00001,vendor_0457,1,122,False
4507001318_00001,vendor_0518,1,88,False
4507001319_00001,vendor_0519,1,6,False
4507001320_00001,vendor_0520,1,18,False
4507001321_00001,vendor_0521,1,8,False
4507001322_00001,vendor_0522,1,18,False
4507001323_00001,vendor_0523,1,38,False
4507001324_00001,vendor_0524,1,19,False
4507001325_00001,vendor_0525,1,12,False
4507001326_00010,vendor_0104,1,6,False
4507001327_00010,vendor_0103,1,7,False
4507001327_00020,vendor_0103,1,7,False
4507001328_00010,vendor_0105,1,6,False
4507001329_00010,vendor_0106,1,5,False
4507001329_00020,vendor_0106,1,7,False
4507001329_00030,vendor_0106,1,6,False
4507001330_00010,vendor_0104,1,6,False
4507001330_00020,vendor_0104,1,6,False
4507001330_00030,vendor_0104,1,6,False
4507001330_00040,vendor_0104,1,6,False
4507001330_00050,vendor_0104,1,6,False
4507001331_00010,vendor_0240,1,5,False
4507001331_00020,vendor_0240,1,5,False
4507001331_00030,vendor_0240,1,5,False
4507001331_00040,vendor_0240,1,5,False
4507001331_00050,vendor_0240,1,5,False
4507001331_00060,vendor_0240,1,5,False
4507001331_00070,vendor_0240,1,5,False
4507001331_00080,vendor_0240,1,5,False
4507001331_00090,vendor_0240,1,5,False
4507001331_00100,vendor_0240,1,6,False
4507001331_00110,vendor_0240,1,5,False
4507001332_00010,vendor_0364,1,6,False
4507001332_00020,vendor_0364,1,6,False
4507001332_00030,vendor_0364,1,6,False
4507001332_00040,vendor_0364,1,6,False
4507001332_00050,vendor_0364,1,6,False
4507001333_00010,vendor_0241,1,5,False
4507001333_00020,vendor_0241,1,5,False
4507001333_00030,vendor_0241,1,5,False
4507001333_00040,vendor_0241,1,5,False
4507001334_00010,vendor_0117,1,6,False
4507001334_00020,vendor_0117,1,6,False
4507001334_00030,vendor_0117,1,6,False
4507001334_00040,vendor_0117,1,6,False
4507001334_00050,vendor_0117,1,6,False
4507001334_00060,vendor_0117,1,6,False
4507001334_00070,vendor_0117,1,6,False
4507001334_00080,vendor_0117,1,6,False
4507001334_00090,vendor_0117,1,6,False
4507001334_00100,vendor_0117,1,6,False
4507001334_00110,vendor_0117,1,6,False
4507001334_00120,vendor_0117,1,10,False
4507001334_00130,vendor_0117,1,5,False
4507001334_00140,vendor_0117,1,6,False
4507001334_00150,vendor_0117,1,6,False
4507001334_00160,vendor_0117,1,6,False
4507001334_00170,vendor_0117,1,6,False
4507001334_00180,vendor_0117,1,6,False
4507001334_00190,vendor_0117,1,6,False
4507001334_00200,vendor_0117,1,6,False
4507001334_00210,vendor_0117,1,6,False
4507001334_00220,vendor_0117,1,6,False
4507001334_00230,vendor_0117,1,6,False
4507001334_00240,vendor_0117,1,6,False
4507001334_00250,vendor_0117,1,6,False
4507001334_00260,vendor_0117,1,6,False
4507001334_00270,vendor_0117,1,6,False
4507001334_00280,vendor_0117,1,6,False
4507001334_00290,vendor_0117,1,6,False
4507001334_00300,vendor_0117,1,6,False
4507001334_00310,vendor_0117,1,6,False
4507001334_00320,vendor_0117,1,6,False
4507001334_00330,vendor_0117,1,6,False
4507001334_00340,vendor_0117,1,6,False
4507001334_00350,vendor_0117,1,6,False
4507001334_00360,vendor_0117,1,6,False
4507001334_00370,vendor_0117,1,6,False
4507001334_00380,vendor_0117,1,6,False
4507001334_00390,vendor_0117,1,6,False
4507001334_00400,vendor_0117,1,6,False
4507001334_00410,vendor_0117,1,6,False
4507001335_00010,vendor_0365,1,5,False
4507001335_00020,vendor_0365,1,5,False
4507001335_00030,vendor_0365,1,5,False
4507001335_00040,vendor_0365,1,5,False
4507001336_00010,vendor_0526,1,10,False
4507001337_00010,vendor_0527,1,5,False
4507001338_00010,vendor_0216,1,2,False
4507001339_00010,vendor_0528,1,5,False
4507001339_00020,vendor_0528,1,5,False
4507001339_00030,vendor_0528,1,6,False
4507001339_00040,vendor_0528,1,6,False
4507001340_00010,vendor_0114,1,6,False
4507001340_00020,vendor_0114,1,6,False
4507001340_00030,vendor_0114,1,6,False
4507001340_00040,vendor_0114,1,6,False
4507001341_00010,vendor_0366,1,9,False
4507001342_00010,vendor_0115,1,5,False
4507001342_00020,vendor_0115,1,6,False
4507001343_00010,vendor_0231,1,5,False
4507001343_00020,vendor_0231,1,5,False
4507001343_00030,vendor_0231,1,5,False
4507001343_00040,vendor_0231,1,5,False
4507001343_00050,vendor_0231,1,6,False
4507001343_00060,vendor_0231,1,5,False
4507001343_00070,vendor_0231,1,5,False
4507001344_00010,vendor_0232,1,5,False
4507001344_00020,vendor_0232,1,6,False
4507001344_00030,vendor_0232,1,5,False
4507001344_00040,vendor_0232,1,5,False
4507001345_00010,vendor_0529,1,5,False
4507001346_00010,vendor_0269,1,5,False
4507001347_00010,vendor_0480,1,6,False
4507001348_00010,vendor_0108,1,5,False
4507001348_00020,vendor_0108,1,5,False
4507001348_00030,vendor_0108,1,5,False
4507001348_00040,vendor_0108,1,5,False
4507001348_00050,vendor_0108,1,5,False
4507001348_00060,vendor_0108,1,5,False
4507001348_00070,vendor_0108,1,5,False
4507001348_00080,vendor_0108,1,5,False
4507001348_00090,vendor_0108,1,2,False
4507001348_00100,vendor_0108,1,5,False
4507001348_00110,vendor_0108,1,5,False
4507001348_00120,vendor_0108,1,5,False
4507001348_00130,vendor_0108,1,5,False
4507001348_00140,vendor_0108,1,5,False
4507001348_00150,vendor_0108,1,5,False
4507001348_00160,vendor_0108,1,5,False
4507001348_00170,vendor_0108,1,5,False
4507001348_00180,vendor_0108,1,5,False
4507001348_00190,vendor_0108,1,5,False
4507001348_00200,vendor_0108,1,5,False
4507001348_00210,vendor_0108,1,5,False
4507001348_00220,vendor_0108,1,5,False
4507001348_00230,vendor_0108,1,5,False
4507001349_00010,vendor_0362,1,6,False
4507001349_00020,vendor_0362,1,5,False
4507001349_00030,vendor_0362,1,5,False
4507001350_00010,vendor_0234,1,5,False
4507001350_00020,vendor_0234,1,5,False
4507001350_00030,vendor_0234,1,5,False
4507001350_00040,vendor_0234,1,8,False
4507001351_00010,vendor_0363,1,5,False
4507001351_00020,vendor_0363,1,5,False
4507001352_00010,vendor_0370,1,6,False
4507001352_00020,vendor_0370,1,6,False
4507001352_00030,vendor_0370,1,6,False
4507001352_00040,vendor_0370,1,6,False
4507001352_00050,vendor_0370,1,6,False
4507001352_00060,vendor_0370,1,6,False
4507001352_00070,vendor_0370,1,7,False
4507001353_00010,vendor_0112,1,5,False
4507001353_00020,vendor_0112,1,5,False
4507001353_00030,vendor_0112,1,5,False
4507001353_00040,vendor_0112,1,5,False
4507001353_00050,vendor_0112,1,5,False
4507001354_00010,vendor_0137,1,6,False
4507001354_00020,vendor_0137,1,6,False
4507001354_00030,vendor_0137,1,6,False
4507001354_00040,vendor_0137,1,6,False
4507001354_00050,vendor_0137,1,6,False
4507001355_00010,vendor_0480,1,6,False
4507001356_00010,vendor_0109,1,6,False
4507001357_00010,vendor_0252,1,5,False
4507001358_00010,vendor_0421,1,7,False
4507001358_00020,vendor_0421,1,7,False
4507001359_00010,vendor_0530,1,10,False
4507001360_00010,vendor_0531,1,5,False
4507001360_00020,vendor_0531,1,5,False
4507001361_00010,vendor_0532,1,3,False
4507001362_00010,vendor_0380,1,5,False
4507001362_00020,vendor_0380,1,5,False
4507001362_00030,vendor_0380,1,5,False
4507001362_00040,vendor_0380,1,5,False
4507001362_00050,vendor_0380,1,5,False
4507001362_00060,vendor_0380,1,5,False
4507001362_00070,vendor_0380,1,5,False
4507001363_00010,vendor_0274,1,3,False
4507001363_00020,vendor_0274,1,3,False
4507001363_00030,vendor_0274,1,3,False
4507001363_00040,vendor_0274,1,3,False
4507001364_00010,vendor_0243,1,7,False
4507001365_00010,vendor_0128,1,5,False
4507001365_00020,vendor_0128,1,5,False
4507001365_00030,vendor_0128,1,5,False
4507001365_00040,vendor_0128,1,5,False
4507001365_00050,vendor_0128,1,5,False
4507001365_00060,vendor_0128,1,5,False
4507001365_00070,vendor_0128,1,5,False
4507001365_00080,vendor_0128,1,5,False
4507001365_00090,vendor_0128,1,5,False
4507001366_00010,vendor_0103,1,7,False
4507001366_00020,vendor_0103,1,7,False
4507001367_00010,vendor_0103,1,6,False
4507001367_00020,vendor_0103,1,6,False
4507001367_00030,vendor_0103,1,6,False
4507001367_00040,vendor_0103,1,6,False
4507001368_00010,vendor_0533,1,6,False
4507001369_00010,vendor_0534,1,5,False
4507001369_00020,vendor_0534,1,5,False
4507001369_00030,vendor_0534,1,5,False
4507001369_00040,vendor_0534,1,5,False
4507001369_00050,vendor_0534,1,5,False
4507001369_00060,vendor_0534,1,5,False
4507001369_00070,vendor_0534,1,5,False
4507001369_00080,vendor_0534,1,5,False
4507001369_00090,vendor_0534,1,5,False
4507001369_00100,vendor_0534,1,5,False
4507001369_00110,vendor_0534,1,5,False
4507001369_00120,vendor_0534,1,5,False
4507001369_00130,vendor_0534,1,5,False
4507001369_00140,vendor_0534,1,5,False
4507001369_00150,vendor_0534,1,5,False
4507001369_00160,vendor_0534,1,5,False
4507001369_00170,vendor_0534,1,5,False
4507001369_00180,vendor_0534,1,5,False
4507001369_00190,vendor_0534,1,5,False
4507001369_00200,vendor_0534,1,5,False
4507001369_00210,vendor_0534,1,5,False
4507001369_00220,vendor_0534,1,5,False
4507001369_00230,vendor_0534,1,5,False
4507001369_00240,vendor_0534,1,5,False
4507001369_00250,vendor_0534,1,5,False
4507001369_00260,vendor_0534,1,5,False
4507001369_00270,vendor_0534,1,5,False
4507001369_00280,vendor_0534,1,5,False
4507001369_00290,vendor_0534,1,5,False
4507001369_00300,vendor_0534,1,5,False
4507001369_00310,vendor_0534,1,5,False
4507001369_00320,vendor_0534,1,5,False
4507001369_00330,vendor_0534,1,5,False
4507001369_00340,vendor_0534,1,5,False
4507001369_00350,vendor_0534,1,5,False
4507001369_00360,vendor_0534,1,5,False
4507001369_00370,vendor_0534,1,5,False
4507001369_00380,vendor_0534,1,5,False
4507001369_00390,vendor_0534,1,5,False
4507001369_00400,vendor_0534,1,5,False
4507001369_00410,vendor_0534,1,5,False
4507001369_00420,vendor_0534,1,5,False
4507001369_00430,vendor_0534,1,5,False
4507001369_00440,vendor_0534,1,5,False
4507001369_00450,vendor_0534,1,5,False
4507001369_00460,vendor_0534,1,5,False
4507001369_00470,vendor_0534,1,5,False
4507001369_00480,vendor_0534,1,5,False
4507001369_00490,vendor_0534,1,5,False
4507001369_00500,vendor_0534,1,5,False
4507001369_00510,vendor_0534,1,5,False
4507001369_00520,vendor_0534,1,5,False
4507001369_00530,vendor_0534,1,5,False
4507001369_00540,vendor_0534,1,5,False
4507001369_00550,vendor_0534,1,5,False
4507001369_00560,vendor_0534,1,5,False
4507001369_00570,vendor_0534,1,5,False
4507001369_00580,vendor_0534,1,5,False
4507001369_00590,vendor_0534,1,5,False
4507001369_00600,vendor_0534,1,5,False
4507001369_00610,vendor_0534,1,5,False
4507001369_00620,vendor_0534,1,5,False
4507001369_00630,vendor_0534,1,5,False
4507001369_00640,vendor_0534,1,5,False
4507001369_00650,vendor_0534,1,5,False
4507001369_00660,vendor_0534,1,5,False
4507001369_00670,vendor_0534,1,5,False
4507001369_00680,vendor_0534,1,5,False
4507001369_00690,vendor_0534,1,5,False
4507001369_00700,vendor_0534,1,5,False
4507001369_00710,vendor_0534,1,5,False
4507001369_00720,vendor_0534,1,5,False
4507001370_00010,vendor_0490,1,3,False
4507001370_00020,vendor_0490,1,2,False
4507001371_00010,vendor_0535,1,5,False
4507001371_00020,vendor_0535,1,5,False
4507001371_00030,vendor_0535,1,6,False
4507001372_00010,vendor_0160,1,6,False
4507001373_00010,vendor_0278,1,6,False
4507001374_00010,vendor_0536,1,5,False
4507001374_00020,vendor_0536,1,7,False
4507001375_00010,vendor_0124,1,6,False
4507001375_00020,vendor_0124,1,6,False
4507001375_00030,vendor_0124,1,6,False
4507001375_00040,vendor_0124,1,5,False
4507001376_00010,vendor_0537,1,5,False
4507001376_00020,vendor_0537,1,5,False
4507001377_00010,vendor_0468,1,5,False
4507001378_00010,vendor_0538,1,5,False
4507001378_00020,vendor_0538,1,5,False
4507001378_00030,vendor_0538,1,5,False
4507001378_00040,vendor_0538,1,5,False
4507001378_00050,vendor_0538,1,5,False
4507001379_00010,vendor_0390,1,5,False
4507001379_00020,vendor_0390,1,5,False
4507001379_00030,vendor_0390,1,5,False
4507001379_00040,vendor_0390,1,4,False
4507001380_00010,vendor_0465,1,5,False
4507001380_00020,vendor_0465,1,5,False
4507001381_00010,vendor_0539,1,5,False
4507001381_00020,vendor_0539,1,5,False
4507001382_00010,vendor_0140,1,5,False
4507001383_00010,vendor_0540,1,3,False
4507001384_00010,vendor_0173,1,5,False
4507001385_00010,vendor_0541,1,6,False
4507001386_00010,vendor_0542,1,5,False
4507001387_00010,vendor_0124,1,5,False
4507001387_00020,vendor_0124,1,5,False
4507001387_00030,vendor_0124,1,5,False
4507001387_00040,vendor_0124,1,5,False
4507001388_00010,vendor_0393,1,5,False
4507001388_00020,vendor_0393,1,9,False
4507001388_00030,vendor_0393,1,5,False
4507001388_00040,vendor_0393,1,5,False
4507001388_00050,vendor_0393,1,5,False
4507001388_00060,vendor_0393,1,9,False
4507001389_00010,vendor_0393,1,9,False
4507001389_00020,vendor_0393,1,9,False
4507001389_00030,vendor_0393,1,9,False
4507001389_00040,vendor_0393,1,9,False
4507001389_00050,vendor_0393,1,6,False
4507001390_00010,vendor_0143,1,8,False
4507001391_00010,vendor_0543,1,2,False
4507001391_00020,vendor_0543,1,2,False
4507001391_00030,vendor_0543,1,6,False
4507001392_00010,vendor_0138,1,6,False
4507001393_00010,vendor_0544,1,7,False
4507001394_00010,vendor_0106,1,6,False
4507001394_00020,vendor_0106,1,8,False
4507001394_00030,vendor_0106,1,6,False
4507001394_00040,vendor_0106,1,6,False
4507001394_00050,vendor_0106,1,6,False
4507001394_00060,vendor_0106,1,7,False
4507001394_00070,vendor_0106,1,6,False
4507001394_00080,vendor_0106,1,3,False
4507001394_00090,vendor_0106,1,5,False
4507001395_00010,vendor_0545,1,5,False
4507001396_00010,vendor_0116,1,6,False
4507001397_00010,vendor_0546,1,9,False
4507001397_00020,vendor_0546,1,9,False
4507001397_00030,vendor_0546,1,10,False
4507001398_00010,vendor_0143,1,2,False
4507001399_00010,vendor_0547,1,6,False
4507001399_00020,vendor_0547,1,6,False
4507001399_00030,vendor_0547,1,7,False
4507001400_00010,vendor_0143,1,2,False
4507001401_00010,vendor_0162,1,5,False
